batch_time_avg,batch_time_cv_percent,batch_time_max,batch_time_max_min_ratio,batch_time_min,batches_per_second,decoder_loss,epoch,step,train_loss,val/decoder_loss,val_loss
,,,,,,39.920963287353516,0,49,15.290776252746582,,
0.18367116153240204,232.74395751953125,3.1637349128723145,60.092411041259766,0.05264782905578613,5.444512844085693,5.615571022033691,0,99,7.836258888244629,,
,,,,,,,0,99,,7.452798843383789,7.77083683013916
0.10804764181375504,17.119827270507812,0.1567988395690918,2.464538097381592,0.06362199783325195,9.255176544189453,3.366244316101074,0,149,5.418503761291504,,
0.0795205757021904,17.293376922607422,0.12908148765563965,2.8897695541381836,0.04466843605041504,12.575362205505371,2.3496484756469727,0,199,3.64450740814209,,
,,,,,,,0,199,,3.792985200881958,3.7983338832855225
,,,,,,2.1692590713500977,1,249,2.7719762325286865,,
0.08289649337530136,26.02814292907715,0.16115498542785645,2.764914035797119,0.05828571319580078,12.063236236572266,1.8113889694213867,1,299,2.3454551696777344,,
,,,,,,,1,299,,2.9828298091888428,2.4360995292663574
0.07437348365783691,27.30611228942871,0.1574406623840332,3.8135480880737305,0.04128456115722656,13.44565200805664,2.325817108154297,1,349,2.3066251277923584,,
0.09448407590389252,20.689123153686523,0.14547967910766602,2.2673463821411133,0.0641629695892334,10.583793640136719,1.5782108306884766,1,399,1.8784124851226807,,
,,,,,,,1,399,,2.9051568508148193,2.0661818981170654
0.09445979446172714,20.655635833740234,0.12418985366821289,2.6110429763793945,0.04756331443786621,10.586515426635742,1.7651605606079102,1,449,1.8873975276947021,,
,,,,,,1.4017019271850586,2,499,1.746342658996582,,
,,,,,,,2,499,,2.63808536529541,1.9680500030517578
0.08469539135694504,28.96003532409668,0.14254069328308105,3.938439130783081,0.03619217872619629,11.80701732635498,1.4505853652954102,2,549,1.750417947769165,,
0.08987746387720108,17.464923858642578,0.11526322364807129,2.032442569732666,0.056711673736572266,11.126258850097656,1.556631088256836,2,599,1.6148741245269775,,
,,,,,,,2,599,,2.246230125427246,1.7024037837982178
0.07409566640853882,29.254840850830078,0.13012218475341797,2.8911242485046387,0.04500746726989746,13.496066093444824,1.9219894409179688,2,649,1.460789442062378,,
0.07598312199115753,20.128339767456055,0.10418367385864258,1.7886210680007935,0.058248043060302734,13.16081714630127,1.4302635192871094,2,699,1.1553318500518799,,
,,,,,,,2,699,,2.3473291397094727,1.281674861907959
,,,,,,1.272125244140625,3,749,1.0599100589752197,,
0.08491460978984833,25.083694458007812,0.15442395210266113,3.1821491718292236,0.048528194427490234,11.776535987854004,1.5799779891967773,3,799,1.3578732013702393,,
,,,,,,,3,799,,2.100233554840088,1.2420485019683838
0.08179125934839249,26.32716941833496,0.1158440113067627,3.206569194793701,0.03612709045410156,12.226244926452637,1.8573217391967773,3,849,1.543182373046875,,
0.0975019708275795,21.715768814086914,0.15887045860290527,2.6930346488952637,0.05899310111999512,10.256202697753906,1.2737140655517578,3,899,1.102212905883789,,
,,,,,,,3,899,,2.092081069946289,1.213609218597412
0.07408438622951508,23.617835998535156,0.11048460006713867,2.7112607955932617,0.04075026512145996,13.498120307922363,1.782078742980957,3,949,1.372370719909668,,
,,,,,,1.5400409698486328,4,999,1.1398169994354248,,
,,,,,,,4,999,,2.18234920501709,1.2000596523284912
0.07510744035243988,27.996124267578125,0.11717677116394043,3.8102972507476807,0.03075265884399414,13.31425952911377,1.383077621459961,4,1049,1.1900103092193604,,
0.09241441637277603,21.548355102539062,0.14551091194152832,2.454887628555298,0.05927395820617676,10.820822715759277,1.660609245300293,4,1099,1.29042387008667,,
,,,,,,,4,1099,,2.007814645767212,1.1927117109298706
0.08214512467384338,24.170759201049805,0.12674760818481445,2.8028132915496826,0.045221567153930664,12.173577308654785,2.035846710205078,4,1149,1.483773946762085,,
0.0820297971367836,20.436906814575195,0.12981724739074707,2.2128734588623047,0.058664560317993164,12.190691947937012,1.4416608810424805,4,1199,1.2891550064086914,,
,,,,,,,4,1199,,1.924744963645935,1.1823514699935913
,,,,,,1.2448968887329102,5,1249,0.9193663597106934,,
0.09090188890695572,22.213430404663086,0.14719510078430176,2.950432777404785,0.049889326095581055,11.000871658325195,1.2401580810546875,5,1299,0.8260948657989502,,
,,,,,,,5,1299,,1.902018427848816,0.9647396206855774
0.08826535940170288,22.31501579284668,0.12464690208435059,2.498528003692627,0.04988813400268555,11.329473495483398,2.2511720657348633,5,1349,1.1159510612487793,,
0.08941804617643356,18.625871658325195,0.1401214599609375,2.571582317352295,0.054488420486450195,11.183424949645996,1.4511280059814453,5,1399,1.0730550289154053,,
,,,,,,,5,1399,,1.714448094367981,0.9510403275489807
0.08920219540596008,22.122230529785156,0.11964201927185059,2.7315902709960938,0.043799400329589844,11.21048641204834,1.3120450973510742,5,1449,0.8424439430236816,,
,,,,,,1.3001518249511719,6,1499,0.8863694667816162,,
,,,,,,,6,1499,,1.8100619316101074,0.9449514150619507
0.0762123093008995,28.80830955505371,0.12630486488342285,4.291995525360107,0.02942800521850586,13.121240615844727,1.214329719543457,6,1549,0.8245139122009277,,
0.0737755075097084,17.621395111083984,0.11491966247558594,2.2544491291046143,0.05097460746765137,13.554633140563965,1.4602394104003906,6,1599,0.9724948406219482,,
,,,,,,,6,1599,,1.675647258758545,0.9369004964828491
0.081870436668396,27.02532196044922,0.1392371654510498,3.547173023223877,0.03925299644470215,12.214421272277832,1.3007221221923828,6,1649,0.8083195686340332,,
0.09227778762578964,12.566269874572754,0.126387357711792,2.1322405338287354,0.05927443504333496,10.836843490600586,1.1681718826293945,6,1699,0.7722623348236084,,
,,,,,,,6,1699,,1.6992636919021606,0.9335860013961792
,,,,,,1.229013442993164,7,1749,0.8257160186767578,,
0.08705894649028778,19.907323837280273,0.12668108940124512,2.7415034770965576,0.04620862007141113,11.486470222473145,1.342081069946289,7,1799,0.7920465469360352,,
,,,,,,,7,1799,,1.7807283401489258,0.874180018901825
0.07617831975221634,33.8033332824707,0.1446545124053955,4.67910099029541,0.030915021896362305,13.127095222473145,6.354824542999268,7,1849,2.3336002826690674,,
0.08097722381353378,19.09097671508789,0.14565634727478027,2.4846651554107666,0.058622121810913086,12.349151611328125,1.2277021408081055,7,1899,0.7804865837097168,,
,,,,,,,7,1899,,1.667296051979065,0.8564499616622925
0.084731325507164,28.289960861206055,0.1365675926208496,3.577064037322998,0.03817868232727051,11.802010536193848,1.9279966354370117,7,1949,1.1775853633880615,,
,,,,,,1.1519498825073242,8,1999,0.7229313850402832,,
,,,,,,,8,1999,,1.6384003162384033,0.8484867811203003
0.06677981466054916,48.936729431152344,0.12381625175476074,4.432445049285889,0.02793407440185547,14.974584579467773,1.1143865585327148,8,2049,0.5485811233520508,,
0.06535278260707855,23.82114028930664,0.13791728019714355,2.695383310317993,0.051167964935302734,15.301567077636719,1.3878679275512695,8,2099,0.7854654788970947,,
,,,,,,,8,2099,,1.5914628505706787,0.7463922500610352
0.09073016047477722,22.966346740722656,0.13344025611877441,2.711986780166626,0.04920387268066406,11.02169418334961,1.1121644973754883,8,2149,0.5812616348266602,,
,,,,,,1.1671810150146484,9,2199,0.5712146759033203,,
,,,,,,,9,2199,,1.6659334897994995,0.7422183156013489
0.07717695087194443,23.355756759643555,0.11331391334533691,3.1652159690856934,0.03579974174499512,12.957236289978027,1.1220521926879883,9,2249,0.5711443424224854,,
0.0897735133767128,17.82212257385254,0.11624979972839355,2.1186723709106445,0.05486917495727539,11.139142990112305,1.4481964111328125,9,2299,0.6615946292877197,,
,,,,,,,9,2299,,1.6299196481704712,0.7253031134605408
0.07656566053628922,26.13227653503418,0.12419986724853516,3.091749668121338,0.04017138481140137,13.060685157775879,1.1622085571289062,9,2349,0.6154778003692627,,
0.088950976729393,18.580957412719727,0.12459897994995117,2.4196066856384277,0.05149555206298828,11.242147445678711,1.330984115600586,9,2399,0.7602002620697021,,
,,,,,,,9,2399,,1.501322865486145,0.7311581969261169
,,,,,,1.0640020370483398,10,2449,0.5471234321594238,,
0.08072800189256668,23.11841583251953,0.13361144065856934,2.377476930618286,0.056198835372924805,12.387275695800781,1.0829200744628906,10,2499,0.5568006038665771,,
,,,,,,,10,2499,,1.5440421104431152,0.7218648195266724
0.07629144936800003,20.236967086791992,0.10951852798461914,2.9303011894226074,0.03737449645996094,13.10762882232666,1.1566715240478516,10,2549,0.6281435489654541,,
0.08724161237478256,21.130939483642578,0.13642644882202148,2.647325038909912,0.05153369903564453,11.462420463562012,1.2504196166992188,10,2599,0.6069557666778564,,
,,,,,,,10,2599,,1.6270344257354736,0.7069344520568848
0.0798257365822792,20.788925170898438,0.11564755439758301,3.196258544921875,0.03618216514587402,12.527288436889648,1.3921432495117188,10,2649,0.8431048393249512,,
,,,,,,1.109222412109375,11,2699,0.5398309230804443,,
,,,,,,,11,2699,,1.4671716690063477,0.7042232155799866
0.07620763033628464,24.466289520263672,0.12307906150817871,3.783186912536621,0.03253316879272461,13.122045516967773,1.5059270858764648,11,2749,0.9044313430786133,,
0.08261196315288544,20.09610366821289,0.12510943412780762,2.4702694416046143,0.050646066665649414,12.104784965515137,1.2805976867675781,11,2799,0.6930088996887207,,
,,,,,,,11,2799,,1.493696928024292,0.7014972567558289
0.07778438180685043,24.57211685180664,0.11301994323730469,2.96199107170105,0.038156747817993164,12.856051445007324,1.253610610961914,11,2849,0.7545878887176514,,
0.088426873087883,17.62106704711914,0.12142181396484375,2.3573083877563477,0.05150866508483887,11.3087797164917,1.1335697174072266,11,2899,0.5720489025115967,,
,,,,,,,11,2899,,1.5992344617843628,0.6966784596443176
,,,,,,1.093679428100586,12,2949,0.5687112808227539,,
0.07776492089033127,23.21229362487793,0.13522887229919434,2.899808883666992,0.04663372039794922,12.859268188476562,1.0959692001342773,12,2999,0.580390453338623,,
,,,,,,,12,2999,,1.5306888818740845,0.7024329900741577
0.09076042473316193,20.503089904785156,0.12301421165466309,2.755676031112671,0.044640302658081055,11.018017768859863,1.1019439697265625,12,3049,0.5586032867431641,,
0.08739308267831802,20.467815399169922,0.13158226013183594,2.558698892593384,0.05142545700073242,11.442553520202637,1.2408456802368164,12,3099,0.6891252994537354,,
,,,,,,,12,3099,,1.47529137134552,0.6951441168785095
0.07923702895641327,27.09194564819336,0.12950873374938965,3.507134437561035,0.036927223205566406,12.620362281799316,1.1262989044189453,12,3149,0.5546770095825195,,
,,,,,,1.1227912902832031,13,3199,0.5832843780517578,,
,,,,,,,13,3199,,1.4935564994812012,0.6924539804458618
0.08530741930007935,22.45820426940918,0.12995314598083496,2.8819642066955566,0.045091867446899414,11.722310066223145,1.2045011520385742,13,3249,0.5914108753204346,,
0.08664196729660034,19.1782169342041,0.13384175300598145,2.6308233737945557,0.05087447166442871,11.54175090789795,1.160837173461914,13,3299,0.5451209545135498,,
,,,,,,,13,3299,,1.4391075372695923,0.6855351328849792
0.07791516929864883,22.066251754760742,0.110565185546875,2.5586440563201904,0.0432124137878418,12.834470748901367,1.375452995300293,13,3349,0.6209447383880615,,
0.07830173522233963,20.990644454956055,0.11698508262634277,2.295912742614746,0.05095362663269043,12.771109580993652,1.6238946914672852,13,3399,0.7297039031982422,,
,,,,,,,13,3399,,1.456985592842102,0.6897655725479126
,,,,,,1.7189083099365234,14,3449,0.9166562557220459,,
0.0861993208527565,25.521005630493164,0.1502079963684082,3.4924747943878174,0.043009042739868164,11.601018905639648,1.0427684783935547,14,3499,0.5259125232696533,,
,,,,,,,14,3499,,1.4405064582824707,0.679840624332428
0.08995673805475235,20.258182525634766,0.13431262969970703,3.1195552349090576,0.043055057525634766,11.116454124450684,1.1531982421875,14,3549,0.5839297771453857,,
0.092436283826828,18.54703712463379,0.13641142845153809,2.6346373558044434,0.05177617073059082,10.818262100219727,1.2647361755371094,14,3599,0.6572558879852295,,
,,,,,,,14,3599,,1.4251677989959717,0.6809099912643433
0.08118925243616104,26.796354293823242,0.12798070907592773,3.6919426918029785,0.03466486930847168,12.316901206970215,1.0947046279907227,14,3649,0.5411334037780762,,
,,,,,,1.0971088409423828,15,3699,0.5605881214141846,,
,,,,,,,15,3699,,1.391208529472351,0.6884304881095886
0.0714384987950325,30.03409767150879,0.1279277801513672,3.8348746299743652,0.03335905075073242,13.998054504394531,3.798424243927002,15,3749,1.3352174758911133,,
0.0843508392572403,16.182188034057617,0.11241459846496582,1.9014743566513062,0.05911970138549805,11.855246543884277,1.3134431838989258,15,3799,0.8160853385925293,,
,,,,,,,15,3799,,1.454397439956665,0.6791393160820007
0.08716978132724762,24.52129364013672,0.12695980072021484,2.913238763809204,0.04358029365539551,11.4718656539917,1.0701618194580078,15,3849,0.5130472183227539,,
0.08093569427728653,14.890656471252441,0.10999536514282227,2.02751088142395,0.05425143241882324,12.355487823486328,1.2030401229858398,15,3899,0.6552653312683105,,
,,,,,,,15,3899,,1.4184412956237793,0.6803479194641113
,,,,,,1.2194032669067383,16,3949,0.618410587310791,,
0.0856475979089737,25.701711654663086,0.14306163787841797,3.717952013015747,0.03847861289978027,11.675750732421875,1.2035341262817383,16,3999,0.6424434185028076,,
,,,,,,,16,3999,,1.3706209659576416,0.6792196035385132
0.08822818100452423,21.64634895324707,0.12613344192504883,3.4094128608703613,0.036995649337768555,11.334246635437012,1.2523927688598633,16,4049,0.6999282836914062,,
0.0689057856798172,20.468719482421875,0.111480712890625,2.201794147491455,0.05063176155090332,14.51257038116455,1.121708869934082,16,4099,0.5555419921875,,
,,,,,,,16,4099,,1.4763447046279907,0.6879104971885681
,,,,,,1.1309480667114258,17,4149,0.532254695892334,,
0.07844925671815872,23.0920467376709,0.11880993843078613,2.02571964263916,0.05865073204040527,12.747093200683594,1.073195457458496,17,4199,0.48462653160095215,,
,,,,,,,17,4199,,1.3926795721054077,0.6671239733695984
0.09137192368507385,18.918142318725586,0.11542129516601562,3.2227940559387207,0.03581404685974121,10.944280624389648,1.2796621322631836,17,4249,0.5789821147918701,,
0.0959940180182457,19.38498878479004,0.1399674415588379,2.7328529357910156,0.05121660232543945,10.417316436767578,1.4577550888061523,17,4299,0.5956785678863525,,
,,,,,,,17,4299,,1.4196287393569946,0.6082105040550232
0.07638346403837204,19.334760665893555,0.10629081726074219,2.9897260665893555,0.035552024841308594,13.091838836669922,1.0658082962036133,17,4349,0.4302186965942383,,
,,,,,,1.1685829162597656,18,4399,0.448505163192749,,
,,,,,,,18,4399,,1.3769351243972778,0.5808315277099609
0.07630033791065216,26.69802474975586,0.12365984916687012,3.56352162361145,0.03470158576965332,13.106101989746094,1.0650053024291992,18,4449,0.43546509742736816,,
0.09700746834278107,18.66843605041504,0.1338355541229248,2.202362537384033,0.060769081115722656,10.308484077453613,1.1729736328125,18,4499,0.5553934574127197,,
,,,,,,,18,4499,,1.380400538444519,0.5753341913223267
0.08010603487491608,20.539216995239258,0.1249690055847168,2.5107200145721436,0.049774169921875,12.483453750610352,1.0555219650268555,18,4549,0.45383572578430176,,
0.09014186263084412,22.993581771850586,0.13220643997192383,2.628638982772827,0.05029463768005371,11.09362506866455,1.162125587463379,18,4599,0.5404963493347168,,
,,,,,,,18,4599,,1.4236030578613281,0.5721176266670227
,,,,,,1.5150651931762695,19,4649,0.6007370948791504,,
0.07404874265193939,42.58949279785156,0.1272566318511963,4.166202068328857,0.03054499626159668,13.504617691040039,1.110762596130371,19,4699,0.4734175205230713,,
,,,,,,,19,4699,,1.4089791774749756,0.5818531513214111
0.07777480781078339,22.16583824157715,0.11841487884521484,3.280653715133667,0.03609490394592285,12.857633590698242,1.3218088150024414,19,4749,0.503636360168457,,
0.09313707798719406,19.370166778564453,0.14458274841308594,2.6585533618927,0.05438399314880371,10.736862182617188,1.0407838821411133,19,4799,0.420041561126709,,
,,,,,,,19,4799,,1.3563578128814697,0.5718218088150024
0.07367102801799774,27.335193634033203,0.11605572700500488,2.555145025253296,0.04542040824890137,13.573857307434082,1.2610855102539062,19,4849,0.651874303817749,,
,,,,,,1.3667583465576172,20,4899,0.5349910259246826,,
,,,,,,,20,4899,,1.3458331823349,0.5660718083381653
0.07267685979604721,32.65019226074219,0.13991689682006836,4.562270641326904,0.030668258666992188,13.759537696838379,1.0206727981567383,20,4949,0.40465497970581055,,
0.07709167152643204,24.43749237060547,0.11096310615539551,2.4506125450134277,0.045279741287231445,12.971570014953613,1.1935577392578125,20,4999,0.45692873001098633,,
,,,,,,,20,4999,,1.3326492309570312,0.5799131989479065
0.09179951995611191,19.24568748474121,0.12111663818359375,2.9328222274780273,0.041296958923339844,10.893303871154785,1.0870656967163086,20,5049,0.43393969535827637,,
0.08763334900140762,20.069398880004883,0.11736845970153809,2.2909698486328125,0.05123090744018555,11.41118049621582,1.0577869415283203,20,5099,0.42202162742614746,,
,,,,,,,20,5099,,1.3184714317321777,0.5835323333740234
,,,,,,1.4407148361206055,21,5149,0.7331459522247314,,
0.083448626101017,22.68935775756836,0.11879587173461914,2.4379987716674805,0.048726797103881836,11.983421325683594,1.0701961517333984,21,5199,0.42768192291259766,,
,,,,,,,21,5199,,1.3776826858520508,0.572201132774353
0.07527276873588562,25.307815551757812,0.10952138900756836,2.859029531478882,0.03830718994140625,13.285017013549805,3.2450618743896484,21,5249,1.0671367645263672,,
0.07755383849143982,28.4798641204834,0.12627577781677246,2.743475914001465,0.04602766036987305,12.894268989562988,1.2309913635253906,21,5299,0.5000512599945068,,
,,,,,,,21,5299,,1.3270176649093628,0.5634464025497437
0.08318918943405151,26.865468978881836,0.13564324378967285,3.3678786754608154,0.04027557373046875,12.020792007446289,1.065232276916504,21,5349,0.42238521575927734,,
,,,,,,1.0958433151245117,22,5399,0.4623429775238037,,
,,,,,,,22,5399,,1.3493568897247314,0.5670167803764343
0.07746618986129761,23.10313606262207,0.14142918586730957,3.1984827518463135,0.044217586517333984,12.908857345581055,0.9889936447143555,22,5449,0.3829817771911621,,
0.08188505470752716,18.040760040283203,0.11220073699951172,2.1998653411865234,0.051003456115722656,12.212240219116211,1.2102460861206055,22,5499,0.47394585609436035,,
,,,,,,,22,5499,,1.3757799863815308,0.5658494234085083
0.090894415974617,26.28496551513672,0.16542696952819824,4.292198181152344,0.038541316986083984,11.001775741577148,1.1028614044189453,22,5549,0.486492395401001,,
0.08706548064947128,19.569711685180664,0.13924717903137207,2.698390245437622,0.05160379409790039,11.485608100891113,0.991734504699707,22,5599,0.38326263427734375,,
,,,,,,,22,5599,,1.3329124450683594,0.583994448184967
,,,,,,1.5036048889160156,23,5649,0.5783669948577881,,
0.08513282239437103,23.270599365234375,0.1219480037689209,2.6489291191101074,0.046036720275878906,11.74635124206543,1.320164680480957,23,5699,0.6310014724731445,,
,,,,,,,23,5699,,1.338700532913208,0.5666059255599976
0.08388414233922958,23.410011291503906,0.14763426780700684,3.134021043777466,0.04710698127746582,11.921204566955566,1.0079879760742188,23,5749,0.39341115951538086,,
0.08003290742635727,22.453453063964844,0.12723946571350098,2.482849359512329,0.051247358322143555,12.494860649108887,1.1615352630615234,23,5799,0.5815141201019287,,
,,,,,,,23,5799,,1.3379465341567993,0.5646507143974304
0.08506976068019867,23.69089698791504,0.13102054595947266,2.8477115631103516,0.046009063720703125,11.755058288574219,1.4985437393188477,23,5849,0.7250633239746094,,
,,,,,,1.033879280090332,24,5899,0.42511963844299316,,
,,,,,,,24,5899,,1.3513294458389282,0.5615381598472595
0.07496894150972366,34.43281936645508,0.14365935325622559,4.548412799835205,0.03158450126647949,13.33885669708252,1.0069141387939453,24,5949,0.3844478130340576,,
0.0803852379322052,22.925067901611328,0.12235069274902344,2.7079670429229736,0.0451817512512207,12.440094947814941,1.0636224746704102,24,5999,0.4626908302307129,,
,,,,,,,24,5999,,1.3406553268432617,0.5648804306983948
0.09019771218299866,23.214569091796875,0.15839648246765137,2.982844591140747,0.05310249328613281,11.086755752563477,1.1501483917236328,24,6049,0.4271254539489746,,
0.07176105678081512,21.07347297668457,0.12266159057617188,2.942155361175537,0.04169106483459473,13.935133934020996,1.0257568359375,24,6099,0.3481006622314453,,
,,,,,,,24,6099,,1.3417167663574219,0.5475415587425232
,,,,,,1.2700347900390625,25,6149,0.47658777236938477,,
0.086020328104496,24.89599609375,0.151580810546875,3.800283432006836,0.0398867130279541,11.62515926361084,1.1267719268798828,25,6199,0.4156675338745117,,
,,,,,,,25,6199,,1.3317525386810303,0.5382791757583618
0.09462553262710571,19.69361114501953,0.1498565673828125,2.5350546836853027,0.05911374092102051,10.567972183227539,1.643193244934082,25,6249,0.5982043743133545,,
0.08681324124336243,15.269232749938965,0.11174440383911133,2.129054307937622,0.05248546600341797,11.518980026245117,1.0320053100585938,25,6299,0.3932008743286133,,
,,,,,,,25,6299,,1.3159658908843994,0.5353828072547913
,,,,,,1.2670650482177734,26,6349,0.4453091621398926,,
0.08090575784444809,24.265134811401367,0.1253063678741455,2.4555814266204834,0.051029205322265625,12.360060691833496,1.1251773834228516,26,6399,0.44170546531677246,,
,,,,,,,26,6399,,1.3444737195968628,0.5410980582237244
0.08903476595878601,24.761154174804688,0.13425374031066895,3.7404165267944336,0.03589272499084473,11.231568336486816,1.6157445907592773,26,6449,0.6148402690887451,,
0.09292307496070862,16.31591796875,0.1301438808441162,2.1865744590759277,0.05951952934265137,10.761590003967285,1.0197830200195312,26,6499,0.38751816749572754,,
,,,,,,,26,6499,,1.2988290786743164,0.5404626727104187
0.08913257718086243,20.667903900146484,0.1397264003753662,2.979541778564453,0.04689526557922363,11.219243049621582,1.1320991516113281,26,6549,0.43709635734558105,,
,,,,,,1.0018253326416016,27,6599,0.3556559085845947,,
,,,,,,,27,6599,,1.2988531589508057,0.5380147695541382
0.0809214860200882,28.39617919921875,0.12777018547058105,4.198779106140137,0.030430316925048828,12.357658386230469,1.0073223114013672,27,6649,0.3792247772216797,,
0.09147856384515762,14.632284164428711,0.13554716110229492,2.053144693374634,0.06601929664611816,10.931523323059082,1.0950698852539062,27,6699,0.4489128589630127,,
,,,,,,,27,6699,,1.3519318103790283,0.5427181720733643
0.08686891198158264,15.953848838806152,0.10725569725036621,2.170409679412842,0.04941725730895996,11.511597633361816,1.5080490112304688,27,6749,0.5879471302032471,,
0.08949229121208191,18.931055068969727,0.13332509994506836,2.6102335453033447,0.051077842712402344,11.174147605895996,1.0846843719482422,27,6799,0.41435813903808594,,
,,,,,,,27,6799,,1.2895399332046509,0.5379074215888977
,,,,,,0.9850606918334961,28,6849,0.35415077209472656,,
0.07856015115976334,23.655956268310547,0.12771296501159668,3.2779347896575928,0.03896141052246094,12.729100227355957,1.2161569595336914,28,6899,0.6023926734924316,,
,,,,,,,28,6899,,1.2958627939224243,0.5337006449699402
0.0788622498512268,18.614410400390625,0.11258912086486816,2.438741445541382,0.04616689682006836,12.680337905883789,1.245025634765625,28,6949,0.6003203392028809,,
0.08610127866268158,15.722229957580566,0.11775708198547363,2.1414437294006348,0.05498957633972168,11.614229202270508,1.0431318283081055,28,6999,0.4096219539642334,,
,,,,,,,28,6999,,1.294693946838379,0.5408205389976501
0.07733479142189026,20.906219482421875,0.11367630958557129,2.7923128604888916,0.04071044921875,12.930789947509766,1.3992681503295898,28,7049,0.5601184368133545,,
,,,,,,1.2688407897949219,29,7099,0.4679844379425049,,
,,,,,,,29,7099,,1.315011739730835,0.5351101160049438
0.07400454580783844,26.528345108032227,0.12170815467834473,3.786445379257202,0.03214311599731445,13.512682914733887,1.0668506622314453,29,7149,0.45836830139160156,,
0.08341220766305923,23.685121536254883,0.1296396255493164,2.569054126739502,0.05046200752258301,11.988653182983398,1.373922348022461,29,7199,0.5897467136383057,,
,,,,,,,29,7199,,1.3607145547866821,0.5473580956459045
0.08934185653924942,24.422801971435547,0.11984634399414062,2.874300241470337,0.04169583320617676,11.192961692810059,1.517725944519043,29,7249,0.6499786376953125,,
0.09715963155031204,18.5849666595459,0.13623428344726562,2.268158197402954,0.060063838958740234,10.292340278625488,1.1920156478881836,29,7299,0.5979626178741455,,
,,,,,,,29,7299,,1.3014479875564575,0.5387418866157532
,,,,,,1.0562019348144531,30,7349,0.39150524139404297,,
0.08679765462875366,23.85706329345703,0.13838768005371094,2.727811098098755,0.05073213577270508,11.521048545837402,1.0682191848754883,30,7399,0.3851897716522217,,
,,,,,,,30,7399,,1.3007197380065918,0.5364977121353149
0.08285257965326309,22.466148376464844,0.12323164939880371,2.5420427322387695,0.0484774112701416,12.069629669189453,2.0993661880493164,30,7449,0.6895744800567627,,
0.08459844440221786,17.27910041809082,0.14036130905151367,2.741117477416992,0.05120587348937988,11.820548057556152,1.1921987533569336,30,7499,0.5467028617858887,,
,,,,,,,30,7499,,1.2803993225097656,0.5319684743881226
0.08644962310791016,27.494770050048828,0.13733816146850586,3.575899124145508,0.0384066104888916,11.56743049621582,1.1288490295410156,30,7549,0.41262292861938477,,
,,,,,,1.0985727310180664,31,7599,0.4352700710296631,,
,,,,,,,31,7599,,1.2838082313537598,0.5311924815177917
0.07463804632425308,29.33742332458496,0.12784099578857422,4.237092018127441,0.030171871185302734,13.397992134094238,1.0186738967895508,31,7649,0.3954143524169922,,
0.08848776668310165,15.838177680969238,0.11806797981262207,2.354905128479004,0.05013704299926758,11.300997734069824,1.2505769729614258,31,7699,0.5311629772186279,,
,,,,,,,31,7699,,1.2911670207977295,0.5430909395217896
0.08922069519758224,22.675777435302734,0.11988329887390137,2.7541298866271973,0.04352855682373047,11.208162307739258,1.130025863647461,31,7749,0.40692734718322754,,
0.08930806070566177,16.418149948120117,0.12024140357971191,2.2645301818847656,0.05309772491455078,11.197197914123535,1.0100479125976562,31,7799,0.3705923557281494,,
,,,,,,,31,7799,,1.2815241813659668,0.5344318151473999
,,,,,,1.0832805633544922,32,7849,0.4474153518676758,,
0.07879264652729034,21.89767074584961,0.11777901649475098,2.562352180480957,0.04596519470214844,12.691540718078613,1.178476333618164,32,7899,0.4443197250366211,,
,,,,,,,32,7899,,1.2828412055969238,0.5327605605125427
0.08791006356477737,17.59881591796875,0.11387348175048828,2.2746517658233643,0.050061941146850586,11.375262260437012,5.921426296234131,32,7949,1.8283365964889526,,
0.09387247264385223,10.265661239624023,0.1192169189453125,1.5528268814086914,0.07677412033081055,10.652750015258789,1.0391063690185547,32,7999,0.40717005729675293,,
,,,,,,,32,7999,,1.2614896297454834,0.5300066471099854
0.08456052094697952,26.132312774658203,0.12246131896972656,3.4019722938537598,0.03599715232849121,11.825849533081055,1.5680208206176758,32,8049,0.6799378395080566,,
,,,,,,1.0130834579467773,33,8099,0.3851935863494873,,
,,,,,,,33,8099,,1.2648696899414062,0.5299755334854126
0.06891731917858124,48.169654846191406,0.13323593139648438,4.3580780029296875,0.030572175979614258,14.510140419006348,0.9605693817138672,33,8149,0.33705878257751465,,
0.08020567148923874,20.754480361938477,0.11741042137145996,3.155892848968506,0.03720355033874512,12.467947006225586,1.1289539337158203,33,8199,0.4661397933959961,,
,,,,,,,33,8199,,1.304021954536438,0.5414074659347534
0.09841655939817429,19.92258644104004,0.12185001373291016,3.031940460205078,0.04018878936767578,10.16089153289795,0.98284912109375,33,8249,0.3721299171447754,,
,,,,,,1.0055999755859375,34,8299,0.3637969493865967,,
,,,,,,,34,8299,,1.2869107723236084,0.535666286945343
0.08199025690555573,22.131460189819336,0.13535785675048828,3.657407283782959,0.037009239196777344,12.196571350097656,0.9913492202758789,34,8349,0.36577391624450684,,
0.08794036507606506,24.45872688293457,0.1436164379119873,2.99337100982666,0.04797816276550293,11.371342658996582,1.2587738037109375,34,8399,0.4371805191040039,,
,,,,,,,34,8399,,1.2482353448867798,0.5261543989181519
0.08124693483114243,14.796269416809082,0.11278128623962402,2.2335917949676514,0.05049324035644531,12.308156967163086,1.0250825881958008,34,8449,0.39160752296447754,,
0.08628011494874954,22.968982696533203,0.13846302032470703,2.6974895000457764,0.0513303279876709,11.590156555175781,1.0793390274047852,34,8499,0.45336103439331055,,
,,,,,,,34,8499,,1.2475954294204712,0.5273224711418152
,,,,,,0.9694538116455078,35,8549,0.3524305820465088,,
0.08076220005750656,23.87051010131836,0.13225698471069336,2.6775851249694824,0.04939413070678711,12.38202953338623,0.9732475280761719,35,8599,0.35550522804260254,,
,,,,,,,35,8599,,1.267116665840149,0.533892035484314
0.08869442343711853,21.66010284423828,0.11508440971374512,3.2267916202545166,0.035665273666381836,11.274666786193848,1.0175724029541016,35,8649,0.3990495204925537,,
0.09099277853965759,19.25676155090332,0.14004898071289062,2.8449766635894775,0.04922676086425781,10.989883422851562,1.1437702178955078,35,8699,0.4123809337615967,,
,,,,,,,35,8699,,1.2891923189163208,0.5373725891113281
0.08202299475669861,25.575397491455078,0.1487135887145996,3.1315267086029053,0.047489166259765625,12.191702842712402,1.1224117279052734,35,8749,0.5450189113616943,,
,,,,,,0.9972543716430664,36,8799,0.35623955726623535,,
,,,,,,,36,8799,,1.2587171792984009,0.5305071473121643
0.07783908396959305,24.078638076782227,0.1301403045654297,2.733832836151123,0.047603607177734375,12.847016334533691,1.225738525390625,36,8849,0.5470640659332275,,
0.08199291676282883,22.57657241821289,0.12228894233703613,2.382734775543213,0.05132293701171875,12.196175575256348,1.0973796844482422,36,8899,0.44637489318847656,,
,,,,,,,36,8899,,1.2772518396377563,0.5321404933929443
0.08300565928220749,20.747514724731445,0.11845874786376953,2.792982339859009,0.04241299629211426,12.047370910644531,1.0355777740478516,36,8949,0.49812841415405273,,
0.08342736214399338,20.24098777770996,0.15112805366516113,2.989844799041748,0.050547122955322266,11.986474990844727,1.0099248886108398,36,8999,0.3913106918334961,,
,,,,,,,36,8999,,1.317146897315979,0.5282700061798096
,,,,,,0.990086555480957,37,9049,0.39081501960754395,,
0.08266886323690414,22.829130172729492,0.135725736618042,2.5148653984069824,0.053969383239746094,12.096452713012695,1.0116844177246094,37,9099,0.37801599502563477,,
,,,,,,,37,9099,,1.3012868165969849,0.5462443828582764
0.07908321917057037,20.100101470947266,0.10833907127380371,2.3808393478393555,0.04550457000732422,12.64490795135498,1.0099172592163086,37,9149,0.39261341094970703,,
0.08283024281263351,20.649677276611328,0.12512922286987305,2.480422019958496,0.05044674873352051,12.072884559631348,1.0604047775268555,37,9199,0.43321824073791504,,
,,,,,,,37,9199,,1.2596838474273682,0.5363906025886536
0.08192668110132217,22.565893173217773,0.11715483665466309,3.0579183101654053,0.03831195831298828,12.206035614013672,1.0188722610473633,37,9249,0.37799596786499023,,
,,,,,,1.0208349227905273,38,9299,0.3916196823120117,,
,,,,,,,38,9299,,1.265572428703308,0.5387783646583557
0.07217258214950562,30.108530044555664,0.13698196411132812,4.201234340667725,0.03260517120361328,13.855677604675293,1.1019706726074219,38,9349,0.4044981002807617,,
0.07603611797094345,19.20634651184082,0.1038353443145752,2.0516061782836914,0.05061173439025879,13.151644706726074,1.0409860610961914,38,9399,0.3696720600128174,,
,,,,,,,38,9399,,1.2495633363723755,0.5273063778877258
0.08954059332609177,20.279603958129883,0.12456607818603516,3.3040409088134766,0.03770112991333008,11.168118476867676,1.2935724258422852,38,9449,0.4589860439300537,,
0.09117916226387024,15.78820514678955,0.12333917617797852,1.8286714553833008,0.06744742393493652,10.96741771697998,1.2947168350219727,38,9499,0.525860071182251,,
,,,,,,,38,9499,,1.258339762687683,0.5304448008537292
,,,,,,1.3240184783935547,39,9549,0.5340769290924072,,
0.0904119685292244,21.152667999267578,0.16211605072021484,2.905891180038452,0.05578875541687012,11.0604829788208,0.9744863510131836,39,9599,0.35384368896484375,,
,,,,,,,39,9599,,1.253839135169983,0.5210997462272644
0.0820954442024231,24.08339500427246,0.12335968017578125,3.1423192024230957,0.03925752639770508,12.180943489074707,1.046229362487793,39,9649,0.40596699714660645,,
0.09292065352201462,14.226785659790039,0.1361560821533203,2.2083098888397217,0.06165623664855957,10.761869430541992,1.151296615600586,39,9699,0.4663238525390625,,
,,,,,,,39,9699,,1.2484056949615479,0.5233299136161804
0.08161050081253052,22.4997501373291,0.12018013000488281,2.5424282550811768,0.04726982116699219,12.253324508666992,1.0337505340576172,39,9749,0.38686633110046387,,
,,,,,,1.0290250778198242,40,9799,0.39891600608825684,,
,,,,,,,40,9799,,1.2765315771102905,0.5317509174346924
0.07376832515001297,31.222576141357422,0.1416947841644287,4.629419803619385,0.03060746192932129,13.555953979492188,3.770904541015625,40,9849,1.1701133251190186,,
0.08520099520683289,14.88272476196289,0.10988187789916992,1.8470213413238525,0.05949139595031738,11.736952781677246,1.0836029052734375,40,9899,0.5168957710266113,,
,,,,,,,40,9899,,1.2738556861877441,0.5279913544654846
0.08820469677448273,29.935094833374023,0.1362471580505371,3.7888071537017822,0.03596043586730957,11.337264060974121,1.0025033950805664,40,9949,0.3539140224456787,,
0.08411268889904022,16.094789505004883,0.11751747131347656,1.941140055656433,0.06054043769836426,11.888813018798828,1.0360841751098633,40,9999,0.3988223075866699,,
,,,,,,,40,9999,,1.243891716003418,0.5273122191429138
,,,,,,1.1371793746948242,41,10049,0.44536352157592773,,
0.08501128852367401,21.514394760131836,0.11772823333740234,2.56138014793396,0.04596281051635742,11.763143539428711,1.0886917114257812,41,10099,0.43458032608032227,,
,,,,,,,41,10099,,1.2313154935836792,0.5237056612968445
0.09008131176233292,20.122642517089844,0.11351752281188965,3.1695103645324707,0.03581547737121582,11.101081848144531,1.0919408798217773,41,10149,0.455486536026001,,
0.07925456762313843,22.809276580810547,0.14052891731262207,3.9128828048706055,0.03591442108154297,12.617568969726562,1.0315837860107422,41,10199,0.38085460662841797,,
,,,,,,,41,10199,,1.2664847373962402,0.536284327507019
,,,,,,1.0190515518188477,42,10249,0.3603363037109375,,
0.0796814039349556,23.08205795288086,0.12878847122192383,2.1970601081848145,0.05861854553222656,12.549979209899902,1.0094728469848633,42,10299,0.34677934646606445,,
,,,,,,,42,10299,,1.2748247385025024,0.5297510623931885
0.07535388320684433,19.9287109375,0.11786460876464844,2.605844736099243,0.045230865478515625,13.270715713500977,1.1883659362792969,42,10349,0.4569535255432129,,
0.08720196038484573,21.013256072998047,0.14449310302734375,2.6013545989990234,0.05554533004760742,11.467632293701172,1.0681028366088867,42,10399,0.4811086654663086,,
,,,,,,,42,10399,,1.2479206323623657,0.5314078330993652
0.06757325679063797,16.39090347290039,0.0929255485534668,1.8500877618789673,0.05022764205932617,14.79875373840332,0.9980087280273438,42,10449,0.34897661209106445,,
,,,,,,1.0800657272338867,43,10499,0.3811073303222656,,
,,,,,,,43,10499,,1.2339829206466675,0.5217524766921997
0.07102980464696884,27.15734100341797,0.13240575790405273,4.236370086669922,0.03125452995300293,14.078596115112305,0.9810390472412109,43,10549,0.36168360710144043,,
0.09134265780448914,17.41728401184082,0.12475872039794922,2.396106004714966,0.05206727981567383,10.947787284851074,1.1072397232055664,43,10599,0.48780393600463867,,
,,,,,,,43,10599,,1.2354743480682373,0.521038830280304
0.07412967830896378,24.73238754272461,0.11110115051269531,3.5630929470062256,0.03118109703063965,13.489872932434082,0.9937124252319336,43,10649,0.3889329433441162,,
0.09286502003669739,18.209505081176758,0.1288912296295166,2.5050578117370605,0.0514523983001709,10.768317222595215,1.0995683670043945,43,10699,0.45302414894104004,,
,,,,,,,43,10699,,1.234758734703064,0.5188380479812622
,,,,,,1.085296630859375,44,10749,0.4945187568664551,,
0.07876556366682053,18.523128509521484,0.11332511901855469,1.9845269918441772,0.05710434913635254,12.695903778076172,1.0459814071655273,44,10799,0.41133785247802734,,
,,,,,,,44,10799,,1.2411696910858154,0.5308336019515991
0.07589922845363617,20.409564971923828,0.10204696655273438,2.860821008682251,0.03567051887512207,13.17536449432373,1.2076435089111328,44,10849,0.4430112838745117,,
0.0896109938621521,23.972883224487305,0.127274751663208,2.938502788543701,0.043312788009643555,11.159344673156738,0.983922004699707,44,10899,0.3710613250732422,,
,,,,,,,44,10899,,1.2298705577850342,0.527965784072876
0.08717020601034164,22.108821868896484,0.13467097282409668,3.189392566680908,0.04222464561462402,11.471809387207031,1.0205345153808594,44,10949,0.4456465244293213,,
,,,,,,1.3453350067138672,45,10999,0.47443532943725586,,
,,,,,,,45,10999,,1.2574177980422974,0.521764874458313
0.0763380378484726,23.534727096557617,0.12471723556518555,2.948216199874878,0.042302608489990234,13.099629402160645,0.9493350982666016,45,11049,0.353471040725708,,
0.09151191264390945,13.863914489746094,0.11657500267028809,2.2205867767333984,0.05249738693237305,10.927538871765137,1.1544551849365234,45,11099,0.4104647636413574,,
,,,,,,,45,11099,,1.2552189826965332,0.5275737643241882
0.08396897464990616,20.81961441040039,0.1124887466430664,2.6604039669036865,0.0422825813293457,11.909160614013672,1.0224132537841797,45,11149,0.38283324241638184,,
0.09274052083492279,13.996869087219238,0.11556172370910645,1.7148997783660889,0.06738686561584473,10.7827730178833,0.9908037185668945,45,11199,0.3634965419769287,,
,,,,,,,45,11199,,1.2374132871627808,0.5299100279808044
,,,,,,1.257136344909668,46,11249,0.5795056819915771,,
0.08465345948934555,21.404308319091797,0.12215781211853027,2.1090962886810303,0.05791950225830078,11.812867164611816,1.0208816528320312,46,11299,0.3836381435394287,,
,,,,,,,46,11299,,1.2796831130981445,0.5319898724555969
0.08658531308174133,20.952470779418945,0.11811184883117676,3.128237009048462,0.03775668144226074,11.54930305480957,3.1355738639831543,46,11349,1.0174434185028076,,
0.08613739907741547,20.392101287841797,0.12734055519104004,2.1543006896972656,0.05910992622375488,11.609358787536621,1.2048149108886719,46,11399,0.43974733352661133,,
,,,,,,,46,11399,,1.2464563846588135,0.5312315821647644
0.08542098850011826,22.114967346191406,0.1288766860961914,2.7188355922698975,0.04740142822265625,11.706724166870117,1.0315771102905273,46,11449,0.37242722511291504,,
,,,,,,1.0205974578857422,47,11499,0.38399600982666016,,
,,,,,,,47,11499,,1.2326470613479614,0.5242242813110352
0.0803760513663292,26.987579345703125,0.1184241771697998,3.489924430847168,0.033933162689208984,12.441516876220703,0.9491767883300781,47,11549,0.3417973518371582,,
0.08688946068286896,16.539474487304688,0.12220644950866699,2.446312665939331,0.04995536804199219,11.508875846862793,1.2069625854492188,47,11599,0.4445018768310547,,
,,,,,,,47,11599,,1.2647122144699097,0.5227752327919006
0.08875767141580582,22.686464309692383,0.12381553649902344,2.6340830326080322,0.04700517654418945,11.266632080078125,1.0158491134643555,47,11649,0.4180634021759033,,
0.08400855958461761,19.301912307739258,0.1171562671661377,2.305129289627075,0.05082416534423828,11.903549194335938,0.941126823425293,47,11699,0.34561586380004883,,
,,,,,,,47,11699,,1.2515382766723633,0.5293731689453125
,,,,,,1.4390296936035156,48,11749,0.5120573043823242,,
0.08314456045627594,24.220083236694336,0.15753722190856934,3.078782320022583,0.05116868019104004,12.027244567871094,1.1424016952514648,48,11799,0.4761929512023926,,
,,,,,,,48,11799,,1.2181153297424316,0.5154377818107605
0.08350876718759537,23.064756393432617,0.11240935325622559,3.1252336502075195,0.03596830368041992,11.974790573120117,0.9640130996704102,48,11849,0.34482479095458984,,
0.08281873911619186,16.974336624145508,0.12483572959899902,2.127119541168213,0.058687686920166016,12.074562072753906,1.1072378158569336,48,11899,0.5134716033935547,,
,,,,,,,48,11899,,1.2270658016204834,0.5230817198753357
0.08435789495706558,20.926368713378906,0.1390984058380127,2.7880730628967285,0.04989051818847656,11.854254722595215,1.3444948196411133,48,11949,0.5228562355041504,,
,,,,,,0.9747610092163086,49,11999,0.36365628242492676,,
,,,,,,,49,11999,,1.2534615993499756,0.5240756273269653
0.06981779634952545,38.56580352783203,0.13563060760498047,4.234094619750977,0.03203296661376953,14.32299518585205,0.9629402160644531,49,12049,0.33603811264038086,,
0.07469598948955536,24.360599517822266,0.13844966888427734,2.771242380142212,0.049959421157836914,13.38759994506836,1.0061044692993164,49,12099,0.3893718719482422,,
,,,,,,,49,12099,,1.265306830406189,0.5341025590896606
0.08409276604652405,21.677101135253906,0.12089681625366211,3.245922327041626,0.037245750427246094,11.891629219055176,1.0979585647583008,49,12149,0.4070296287536621,,
0.0720328539609909,21.525367736816406,0.12490463256835938,2.474332809448242,0.05048012733459473,13.88255500793457,0.9686355590820312,49,12199,0.32177162170410156,,
,,,,,,,49,12199,,1.260206699371338,0.5346839427947998
,,,,,,1.2502288818359375,50,12249,0.45462703704833984,,
0.08377870917320251,27.16147804260254,0.17218327522277832,3.8253562450408936,0.045011043548583984,11.936206817626953,1.0977134704589844,50,12299,0.40145349502563477,,
,,,,,,,50,12299,,1.2381099462509155,0.523649275302887
0.0863724872469902,16.33816909790039,0.11041975021362305,2.1356751918792725,0.05170249938964844,11.577760696411133,1.6736164093017578,50,12349,0.5727450847625732,,
0.0837315022945404,26.2834415435791,0.11715221405029297,3.2257497310638428,0.03631782531738281,11.942936897277832,0.995091438293457,50,12399,0.3566009998321533,,
,,,,,,,50,12399,,1.2246307134628296,0.5243295431137085
,,,,,,1.209085464477539,51,12449,0.4147770404815674,,
0.08206069469451904,24.20108413696289,0.1367356777191162,2.3458592891693115,0.0582880973815918,12.186101913452148,1.070164680480957,51,12499,0.41382288932800293,,
,,,,,,,51,12499,,1.2394071817398071,0.5291672945022583
0.09030724316835403,23.46662139892578,0.12102127075195312,3.0263283252716064,0.039989471435546875,11.073308944702148,1.1943769454956055,51,12549,0.48264241218566895,,
0.09288189560174942,17.141616821289062,0.13977432250976562,2.290912628173828,0.06101250648498535,10.766361236572266,1.014237403869629,51,12599,0.37094688415527344,,
,,,,,,,51,12599,,1.277868628501892,0.5428361296653748
0.08816967159509659,22.039325714111328,0.11646723747253418,3.2209715843200684,0.03615903854370117,11.341768264770508,1.1067752838134766,51,12649,0.403536319732666,,
,,,,,,0.9599370956420898,52,12699,0.3346250057220459,,
,,,,,,,52,12699,,1.2341219186782837,0.5216799974441528
0.08099286258220673,25.387847900390625,0.11951684951782227,3.808152675628662,0.03138446807861328,12.346766471862793,0.9633798599243164,52,12749,0.36094141006469727,,
0.0893210917711258,22.88754653930664,0.17175555229187012,2.8496413230895996,0.0602726936340332,11.195564270019531,1.0209789276123047,52,12799,0.39128971099853516,,
,,,,,,,52,12799,,1.2441773414611816,0.5248697400093079
0.10853768140077591,155.35292053222656,1.2819128036499023,30.480857849121094,0.04205632209777832,9.213390350341797,1.1538171768188477,52,12849,0.48530054092407227,,
0.0904805138707161,20.35899543762207,0.15284466743469238,2.536588191986084,0.060256004333496094,11.052103042602539,1.042210578918457,52,12899,0.387545108795166,,
,,,,,,,52,12899,,1.2419674396514893,0.5242118835449219
,,,,,,0.952540397644043,53,12949,0.3361780643463135,,
0.08042103052139282,21.385684967041016,0.11726570129394531,2.191464900970459,0.053510189056396484,12.434557914733887,1.0391626358032227,53,12999,0.4265141487121582,,
,,,,,,,53,12999,,1.2397972345352173,0.5257546305656433
0.07260827720165253,21.0814208984375,0.11558127403259277,2.4774022102355957,0.04665422439575195,13.772534370422363,1.07098388671875,53,13049,0.44503021240234375,,
0.08755429834127426,19.263832092285156,0.12297701835632324,2.0443549156188965,0.06015443801879883,11.421483993530273,1.0126008987426758,53,13099,0.38437390327453613,,
,,,,,,,53,13099,,1.239474892616272,0.5251595973968506
0.07508890330791473,30.78310775756836,0.12201070785522461,2.7409844398498535,0.04451346397399902,13.317547798156738,1.3233966827392578,53,13149,0.5111596584320068,,
,,,,,,1.2922554016113281,54,13199,0.45375490188598633,,
,,,,,,,54,13199,,1.2232997417449951,0.5158794522285461
0.06738989800214767,30.613847732543945,0.15677356719970703,5.5111846923828125,0.028446435928344727,14.839018821716309,0.9760923385620117,54,13249,0.3950645923614502,,
0.08451899886131287,20.008153915405273,0.13831663131713867,2.386502265930176,0.05795788764953613,11.831660270690918,1.279191017150879,54,13299,0.5352644920349121,,
,,,,,,,54,13299,,1.240565299987793,0.5297528505325317
0.09001371264457703,22.752548217773438,0.12195539474487305,3.3508546352386475,0.03639531135559082,11.109417915344238,1.3252143859863281,54,13349,0.4762399196624756,,
0.09409643709659576,18.08588981628418,0.13259315490722656,2.5836868286132812,0.05131936073303223,10.627394676208496,1.0052852630615234,54,13399,0.4149343967437744,,
,,,,,,,54,13399,,1.274900197982788,0.5245161652565002
,,,,,,1.0002851486206055,55,13449,0.3184340000152588,,
0.08806401491165161,22.438188552856445,0.13764739036560059,2.6298203468322754,0.05234098434448242,11.355376243591309,1.0290489196777344,55,13499,0.31740665435791016,,
,,,,,,,55,13499,,1.2323161363601685,0.47133439779281616
0.08368095010519028,25.278427124023438,0.14754748344421387,2.9511072635650635,0.04999732971191406,11.950151443481445,2.024728775024414,55,13549,0.6022260189056396,,
0.08537907898426056,19.461469650268555,0.14095640182495117,2.598628520965576,0.054242610931396484,11.712471961975098,1.079183578491211,55,13599,0.42989206314086914,,
,,,,,,,55,13599,,1.2236881256103516,0.47309690713882446
0.09147287160158157,21.027681350708008,0.12459826469421387,2.751410961151123,0.04528522491455078,10.93220329284668,1.0648460388183594,55,13649,0.34152698516845703,,
,,,,,,1.0886096954345703,56,13699,0.3481900691986084,,
,,,,,,,56,13699,,1.226123332977295,0.47134995460510254
0.07527203857898712,31.550582885742188,0.14786076545715332,4.647753715515137,0.03181338310241699,13.28514575958252,0.9828014373779297,56,13749,0.3211510181427002,,
0.08147303760051727,16.99238395690918,0.11798429489135742,2.3019943237304688,0.05125308036804199,12.273999214172363,1.1449451446533203,56,13799,0.4243471622467041,,
,,,,,,,56,13799,,1.2371869087219238,0.4744037985801697
0.08754342049360275,21.378036499023438,0.12763428688049316,2.7343664169311523,0.04667782783508301,11.422903060913086,1.130380630493164,56,13849,0.3338894844055176,,
0.08720006048679352,17.501441955566406,0.1384425163269043,2.2566328048706055,0.06134915351867676,11.46788215637207,0.9807510375976562,56,13899,0.3014700412750244,,
,,,,,,,56,13899,,1.2229372262954712,0.4734143316745758
,,,,,,1.0324687957763672,57,13949,0.370868444442749,,
0.0835498720407486,23.009998321533203,0.1321866512298584,3.0166711807250977,0.04381871223449707,11.96889877319336,1.1444425582885742,57,13999,0.37523579597473145,,
,,,,,,,57,13999,,1.2668306827545166,0.47998881340026855
0.08573529124259949,19.157690048217773,0.11755132675170898,2.1879897117614746,0.0537257194519043,11.66380786895752,5.001007080078125,57,14049,1.628486156463623,,
0.07933060079813004,17.87041473388672,0.1177518367767334,2.0059256553649902,0.05870199203491211,12.605476379394531,0.987335205078125,57,14099,0.32144951820373535,,
,,,,,,,57,14099,,1.2303916215896606,0.4688364863395691
0.0825057402253151,28.686309814453125,0.11879205703735352,3.830806255340576,0.031009674072265625,12.120368957519531,1.1186800003051758,57,14149,0.43054962158203125,,
,,,,,,0.9888277053833008,58,14199,0.3106865882873535,,
,,,,,,,58,14199,,1.248418927192688,0.46861985325813293
0.06643776595592499,50.36766052246094,0.15005087852478027,5.356930732727051,0.02801060676574707,15.051680564880371,0.9228410720825195,58,14249,0.2703437805175781,,
0.08072702586650848,21.028392791748047,0.11360692977905273,3.158508062362671,0.03596854209899902,12.38742446899414,1.0492210388183594,58,14299,0.35872316360473633,,
,,,,,,,58,14299,,1.3126881122589111,0.5083951354026794
0.08153555542230606,24.159975051879883,0.14219903945922852,3.256204843521118,0.0436701774597168,12.26458740234375,0.9457311630249023,58,14349,0.30545711517333984,,
,,,,,,0.9774513244628906,59,14399,0.2954409122467041,,
,,,,,,,59,14399,,1.2282509803771973,0.4709433615207672
0.07612310349941254,29.457725524902344,0.12945961952209473,3.9756405353546143,0.032563209533691406,13.136616706848145,0.9569196701049805,59,14449,0.2973041534423828,,
0.09290719032287598,15.521157264709473,0.1220548152923584,2.1317567825317383,0.05725550651550293,10.763429641723633,1.2777538299560547,59,14499,0.38518357276916504,,
,,,,,,,59,14499,,1.2258416414260864,0.47405147552490234
0.08700849860906601,14.698976516723633,0.10429024696350098,2.23582124710083,0.046645164489746094,11.49312973022461,1.018214225769043,59,14549,0.34503960609436035,,
0.0919983759522438,19.150617599487305,0.1342020034790039,2.1376423835754395,0.06278038024902344,10.869756698608398,1.0171432495117188,59,14599,0.3275628089904785,,
,,,,,,,59,14599,,1.2472920417785645,0.47459086775779724
,,,,,,0.9482221603393555,60,14649,0.2960236072540283,,
0.07926429063081741,23.821319580078125,0.12083077430725098,2.3214313983917236,0.052050113677978516,12.616021156311035,0.9386787414550781,60,14699,0.2861816883087158,,
,,,,,,,60,14699,,1.233257532119751,0.4631154239177704
0.08045346289873123,20.73981475830078,0.10607099533081055,3.004031181335449,0.035309553146362305,12.429545402526855,0.9793577194213867,60,14749,0.31839442253112793,,
0.08419676125049591,22.950523376464844,0.13152480125427246,2.5399065017700195,0.05178332328796387,11.876941680908203,1.0801258087158203,60,14799,0.33399295806884766,,
,,,,,,,60,14799,,1.2439289093017578,0.4632071554660797
0.08351803570985794,22.597551345825195,0.11754989624023438,2.514035224914551,0.04675745964050293,11.973462104797363,1.1420326232910156,60,14849,0.4522547721862793,,
,,,,,,0.9800548553466797,61,14899,0.30820298194885254,,
,,,,,,,61,14899,,1.2279937267303467,0.46568983793258667
0.07445337623357773,27.573619842529297,0.14154410362243652,4.484894752502441,0.03156018257141113,13.431224822998047,1.1235017776489258,61,14949,0.38807010650634766,,
0.08598815649747849,17.228755950927734,0.1266312599182129,2.5373098850250244,0.049907684326171875,11.629508972167969,1.0110702514648438,61,14999,0.3344559669494629,,
,,,,,,,61,14999,,1.239456295967102,0.4790669083595276
0.08997247368097305,24.04778480529785,0.1256861686706543,3.251181125640869,0.03865861892700195,11.114509582519531,0.9854097366333008,61,15049,0.3300142288208008,,
0.08863241970539093,26.878093719482422,0.14111566543579102,2.745494842529297,0.05139899253845215,11.282553672790527,0.9911584854125977,61,15099,0.32369256019592285,,
,,,,,,,61,15099,,1.2469958066940308,0.471928209066391
,,,,,,0.976811408996582,62,15149,0.3299708366394043,,
0.07992790639400482,21.9056396484375,0.1193540096282959,2.3182904720306396,0.0514836311340332,12.511275291442871,0.9600934982299805,62,15199,0.3033311367034912,,
,,,,,,,62,15199,,1.2231101989746094,0.4698812961578369
0.08073188364505768,23.44451904296875,0.1174919605255127,3.1898930072784424,0.036832571029663086,12.386679649353027,0.9710636138916016,62,15249,0.3225393295288086,,
0.08856645226478577,19.809547424316406,0.12659811973571777,2.2666738033294678,0.05585193634033203,11.2909574508667,1.0147790908813477,62,15299,0.34090471267700195,,
,,,,,,,62,15299,,1.227752447128296,0.4757484495639801
0.08890539407730103,24.039031982421875,0.11778569221496582,3.753563404083252,0.03137969970703125,11.24791145324707,0.9893398284912109,62,15349,0.31356048583984375,,
,,,,,,0.993556022644043,63,15399,0.3100724220275879,,
,,,,,,,63,15399,,1.2296701669692993,0.47772476077079773
0.08482714742422104,25.308988571166992,0.12650680541992188,3.9035959243774414,0.03240776062011719,11.788679122924805,1.0850305557250977,63,15449,0.34408044815063477,,
0.08565495163202286,18.93932342529297,0.12173676490783691,2.209045648574829,0.05510830879211426,11.674747467041016,1.0190773010253906,63,15499,0.31743288040161133,,
,,,,,,,63,15499,,1.2273730039596558,0.4776306450366974
0.08404107391834259,31.239864349365234,0.16502904891967773,4.272517204284668,0.03862571716308594,11.898943901062012,1.2412538528442383,63,15549,0.38811731338500977,,
0.09052450954914093,15.691418647766113,0.113433837890625,2.1276187896728516,0.053314924240112305,11.046731948852539,1.104517936706543,63,15599,0.3684215545654297,,
,,,,,,,63,15599,,1.239565134048462,0.471881240606308
,,,,,,1.2275066375732422,64,15649,0.36708950996398926,,
0.08746619522571564,20.81769371032715,0.14092087745666504,2.6885411739349365,0.05241537094116211,11.432988166809082,0.9335880279541016,64,15699,0.2888920307159424,,
,,,,,,,64,15699,,1.2158805131912231,0.46887558698654175
0.08287859708070755,26.44585418701172,0.1459643840789795,3.546689987182617,0.041155099868774414,12.065841674804688,1.0071029663085938,64,15749,0.33102989196777344,,
0.08456040918827057,19.657833099365234,0.12793684005737305,2.489438772201538,0.0513918399810791,11.825865745544434,1.1077880859375,64,15799,0.3982226848602295,,
,,,,,,,64,15799,,1.2146666049957275,0.4648856222629547
0.09337419271469116,25.232547760009766,0.15311765670776367,3.6445157527923584,0.04201316833496094,10.709596633911133,0.9910287857055664,64,15849,0.3149442672729492,,
,,,,,,0.9676036834716797,65,15899,0.30951786041259766,,
,,,,,,,65,15899,,1.243932843208313,0.47093939781188965
0.07504332065582275,31.146255493164062,0.1175680160522461,3.1497738361358643,0.03732585906982422,13.32563591003418,3.5105996131896973,65,15949,1.0490891933441162,,
0.09218626469373703,13.920614242553711,0.11277532577514648,1.9132936000823975,0.05894303321838379,10.847602844238281,0.9874820709228516,65,15999,0.3436014652252197,,
,,,,,,,65,15999,,1.2514350414276123,0.4717249870300293
0.08684948086738586,22.918561935424805,0.11857891082763672,2.7681946754455566,0.04283618927001953,11.51417350769043,0.9663848876953125,65,16049,0.29535746574401855,,
0.0965980514883995,10.703717231750488,0.13647937774658203,1.8035558462142944,0.07567238807678223,10.35217571258545,1.0141077041625977,65,16099,0.31245994567871094,,
,,,,,,,65,16099,,1.2171941995620728,0.46892279386520386
,,,,,,1.0582199096679688,66,16149,0.3559865951538086,,
0.08176590502262115,22.46954345703125,0.11199808120727539,3.471764326095581,0.03225970268249512,12.230036735534668,1.045278549194336,66,16199,0.348175048828125,,
,,,,,,,66,16199,,1.2203556299209595,0.4698624312877655
0.0917133316397667,20.291677474975586,0.12333798408508301,2.6356611251831055,0.04679584503173828,10.903539657592773,1.0596256256103516,66,16249,0.3719758987426758,,
0.08187281340360641,15.740920066833496,0.1171729564666748,2.1669554710388184,0.05407261848449707,12.214066505432129,1.0062999725341797,66,16299,0.32154297828674316,,
,,,,,,,66,16299,,1.2237671613693237,0.4741581380367279
,,,,,,1.0217609405517578,67,16349,0.3060266971588135,,
0.07849602401256561,28.16480827331543,0.1646270751953125,3.2007267475128174,0.05143427848815918,12.739498138427734,0.9857511520385742,67,16399,0.2846717834472656,,
,,,,,,,67,16399,,1.235356092453003,0.4711328148841858
0.07887992262840271,21.577821731567383,0.12951087951660156,2.96774959564209,0.043639421463012695,12.677496910095215,1.155287742614746,67,16449,0.37281322479248047,,
0.08487971127033234,20.70145034790039,0.11803841590881348,2.164626359939575,0.05453062057495117,11.781378746032715,1.031245231628418,67,16499,0.34719133377075195,,
,,,,,,,67,16499,,1.2745332717895508,0.48172152042388916
0.06699055433273315,26.937612533569336,0.11535978317260742,2.7454111576080322,0.04201912879943848,14.927477836608887,0.9749794006347656,67,16549,0.2849757671356201,,
,,,,,,1.0629644393920898,68,16599,0.32007908821105957,,
,,,,,,,68,16599,,1.247961401939392,0.47630074620246887
0.07943502068519592,22.775453567504883,0.1211538314819336,2.6367716789245605,0.04594779014587402,12.588906288146973,0.9580516815185547,68,16649,0.28668975830078125,,
0.08830279111862183,20.315479278564453,0.1295621395111084,2.9214563369750977,0.04434847831726074,11.324670791625977,0.9966907501220703,68,16699,0.33913350105285645,,
,,,,,,,68,16699,,1.212193489074707,0.46633610129356384
0.08093148469924927,21.433876037597656,0.12367129325866699,2.7215561866760254,0.045441389083862305,12.356130599975586,0.9624481201171875,68,16749,0.31085658073425293,,
0.09026508033275604,20.278003692626953,0.1306915283203125,2.5485265254974365,0.05128121376037598,11.078481674194336,1.0072088241577148,68,16799,0.3325648307800293,,
,,,,,,,68,16799,,1.230216383934021,0.48145902156829834
,,,,,,1.0053443908691406,69,16849,0.3458213806152344,,
0.08392342180013657,23.270631790161133,0.12840723991394043,2.272887945175171,0.05649518966674805,11.91562557220459,0.9911022186279297,69,16899,0.3240334987640381,,
,,,,,,,69,16899,,1.2331829071044922,0.4721618890762329
0.08711061626672745,17.4561767578125,0.11023402214050293,2.723355770111084,0.04047727584838867,11.479656219482422,1.1520156860351562,69,16949,0.35872721672058105,,
0.08714701980352402,16.39295768737793,0.11991453170776367,2.1125056743621826,0.05676412582397461,11.474861145019531,0.9620656967163086,69,16999,0.30286192893981934,,
,,,,,,,69,16999,,1.2212748527526855,0.46910572052001953
0.0814162939786911,23.638792037963867,0.11006927490234375,3.0669643878936768,0.035888671875,12.282553672790527,0.9565296173095703,69,17049,0.3206171989440918,,
,,,,,,1.294816017150879,70,17099,0.4073936939239502,,
,,,,,,,70,17099,,1.2194995880126953,0.4616435468196869
0.07706556469202042,25.093395233154297,0.12674617767333984,3.9780895709991455,0.031861066818237305,12.975964546203613,0.9411478042602539,70,17149,0.28547143936157227,,
0.08236628025770187,17.895038604736328,0.10765361785888672,2.0785703659057617,0.051792144775390625,12.140890121459961,1.1179685592651367,70,17199,0.3385770320892334,,
,,,,,,,70,17199,,1.2339900732040405,0.47424080967903137
0.07642108201980591,23.810178756713867,0.10405349731445312,2.9019627571105957,0.03585624694824219,13.085393905639648,0.9825057983398438,70,17249,0.3140861988067627,,
0.08251277357339859,18.511375427246094,0.11457395553588867,2.249361038208008,0.050936222076416016,12.119335174560547,0.9755029678344727,70,17299,0.3042106628417969,,
,,,,,,,70,17299,,1.2290712594985962,0.4748608469963074
,,,,,,1.150620460510254,71,17349,0.45720887184143066,,
0.08221345394849777,21.522172927856445,0.11517596244812012,2.521704912185669,0.04567384719848633,12.163458824157715,0.9734983444213867,71,17399,0.29785680770874023,,
,,,,,,,71,17399,,1.2244620323181152,0.4711657464504242
0.08431442081928253,22.219419479370117,0.11764216423034668,3.2778878211975098,0.035889625549316406,11.860367774963379,3.0974650382995605,71,17449,0.9411327838897705,,
0.09258329123258591,18.86994743347168,0.12497234344482422,2.079197883605957,0.06010603904724121,10.801084518432617,1.1429061889648438,71,17499,0.37061595916748047,,
,,,,,,,71,17499,,1.2261064052581787,0.47451117634773254
0.07627879083156586,26.752954483032227,0.1097712516784668,2.9300537109375,0.03746390342712402,13.109804153442383,0.9909582138061523,71,17549,0.31055450439453125,,
,,,,,,0.9953117370605469,72,17599,0.3117246627807617,,
,,,,,,,72,17599,,1.2170041799545288,0.4690031111240387
0.0758863314986229,32.015342712402344,0.12652254104614258,4.382186412811279,0.028872013092041016,13.177604675292969,0.9225187301635742,72,17649,0.2808804512023926,,
0.08253487944602966,18.778026580810547,0.11366152763366699,2.020688772201538,0.05624890327453613,12.116089820861816,1.1208477020263672,72,17699,0.35338807106018066,,
,,,,,,,72,17699,,1.2108865976333618,0.4634770452976227
0.08651001751422882,23.608720779418945,0.1238718032836914,2.7054712772369385,0.04578566551208496,11.559354782104492,0.9789934158325195,72,17749,0.3124964237213135,,
0.08222948759794235,19.18841552734375,0.1183316707611084,2.2797253131866455,0.05190610885620117,12.161087989807129,0.9264545440673828,72,17799,0.2813866138458252,,
,,,,,,,72,17799,,1.2280473709106445,0.47095420956611633
,,,,,,1.4021587371826172,73,17849,0.4449501037597656,,
0.08481795340776443,21.034513473510742,0.1347343921661377,3.2247989177703857,0.041780710220336914,11.789956092834473,1.0934724807739258,73,17899,0.3819868564605713,,
,,,,,,,73,17899,,1.2175047397613525,0.4595353901386261
0.08626329153776169,19.942602157592773,0.11339759826660156,2.6865341663360596,0.042209625244140625,11.592416763305664,0.9429311752319336,73,17949,0.2823617458343506,,
0.0891251415014267,13.613192558288574,0.12259459495544434,1.7938967943191528,0.06833982467651367,11.220178604125977,1.0807666778564453,73,17999,0.43958091735839844,,
,,,,,,,73,17999,,1.1967835426330566,0.4596727788448334
0.08874093741178513,23.256343841552734,0.12321949005126953,2.9383304119110107,0.04193520545959473,11.268756866455078,1.2814655303955078,73,18049,0.4307434558868408,,
,,,,,,0.9587297439575195,74,18099,0.3015155792236328,,
,,,,,,,74,18099,,1.2191309928894043,0.4667254686355591
0.07187151163816452,45.947669982910156,0.15870189666748047,5.05040979385376,0.03142356872558594,13.913719177246094,0.9361820220947266,74,18149,0.2751622200012207,,
0.09356288611888885,16.087053298950195,0.1492147445678711,2.356698751449585,0.06331515312194824,10.68799877166748,1.0042791366577148,74,18199,0.3082709312438965,,
,,,,,,,74,18199,,1.2760448455810547,0.47075656056404114
0.08624099940061569,27.212295532226562,0.13056349754333496,3.5616366863250732,0.036658287048339844,11.595413208007812,1.0731658935546875,74,18249,0.33849143981933594,,
0.08606311678886414,20.37903594970703,0.1464529037475586,2.5171926021575928,0.058181047439575195,11.619379997253418,0.940093994140625,74,18299,0.25509071350097656,,
,,,,,,,74,18299,,1.2171597480773926,0.4679752588272095
,,,,,,1.2133197784423828,75,18349,0.38938379287719727,,
0.08119142055511475,26.338455200195312,0.11983752250671387,3.7265899181365967,0.03215742111206055,12.316572189331055,1.0471277236938477,75,18399,0.32161664962768555,,
,,,,,,,75,18399,,1.2116241455078125,0.4632529020309448
0.09149929881095886,14.133158683776855,0.10868549346923828,1.962731122970581,0.0553746223449707,10.929045677185059,1.557173728942871,75,18449,0.5017704963684082,,
0.07863915711641312,16.846044540405273,0.11508011817932129,2.9035189151763916,0.03963470458984375,12.71631145477295,0.9582347869873047,75,18499,0.2920501232147217,,
,,,,,,,75,18499,,1.213329792022705,0.4723822772502899
,,,,,,1.1457481384277344,76,18549,0.3461112976074219,,
0.07646693289279938,24.21213722229004,0.13800048828125,2.7355546951293945,0.05044698715209961,13.077548027038574,1.0352001190185547,76,18599,0.3449437618255615,,
,,,,,,,76,18599,,1.2243086099624634,0.47639837861061096
0.08428310602903366,21.9848690032959,0.13581538200378418,2.9794085025787354,0.045584678649902344,11.864773750305176,1.164137840270996,76,18649,0.375032901763916,,
0.08592554181814194,20.883573532104492,0.11878061294555664,2.376793146133423,0.04997515678405762,11.637983322143555,0.9562911987304688,76,18699,0.3061525821685791,,
,,,,,,,76,18699,,1.2247716188430786,0.4705286920070648
0.08460117131471634,17.955930709838867,0.12108874320983887,2.525047540664673,0.04795503616333008,11.820167541503906,1.0425424575805664,76,18749,0.3284492492675781,,
,,,,,,0.9321517944335938,77,18799,0.27234911918640137,,
,,,,,,,77,18799,,1.2200863361358643,0.4640475809574127
0.07309482991695404,32.69037628173828,0.13303470611572266,4.376994609832764,0.03039407730102539,13.68085765838623,0.940974235534668,77,18849,0.2990086078643799,,
0.08708914369344711,26.871322631835938,0.12329792976379395,2.461617946624756,0.05008816719055176,11.482487678527832,0.9855566024780273,77,18899,0.32681941986083984,,
,,,,,,,77,18899,,1.2174429893493652,0.46942949295043945
0.09268778562545776,22.306703567504883,0.13010764122009277,3.0969882011413574,0.04201102256774902,10.788908004760742,1.0793161392211914,77,18949,0.35509729385375977,,
0.08848469704389572,15.959527015686035,0.1168220043182373,2.0171711444854736,0.057913780212402344,11.30138874053955,0.9849128723144531,77,18999,0.3135039806365967,,
,,,,,,,77,18999,,1.2249597311019897,0.475495308637619
,,,,,,0.933624267578125,78,19049,0.27596306800842285,,
0.08494659513235092,22.064876556396484,0.13288021087646484,2.3432021141052246,0.05670881271362305,11.772102355957031,0.9941043853759766,78,19099,0.3415350914001465,,
,,,,,,,78,19099,,1.222038984298706,0.46996229887008667
0.0836971327662468,18.44937515258789,0.11170673370361328,2.921860456466675,0.03823137283325195,11.947840690612793,1.0571680068969727,78,19149,0.34142184257507324,,
0.09199127554893494,17.32050895690918,0.13152813911437988,2.1428449153900146,0.06138014793395996,10.870595932006836,0.9809246063232422,78,19199,0.31733226776123047,,
,,,,,,,78,19199,,1.2227314710617065,0.46742522716522217
0.07955320179462433,23.500185012817383,0.12025642395019531,3.3455066680908203,0.03594565391540527,12.57020378112793,1.2541007995605469,78,19249,0.41018199920654297,,
,,,,,,1.2619924545288086,79,19299,0.3917572498321533,,
,,,,,,,79,19299,,1.2198532819747925,0.460768461227417
0.07615967094898224,25.20744514465332,0.11001729965209961,3.2256996631622314,0.03410649299621582,13.130309104919434,0.9476566314697266,79,19349,0.3021519184112549,,
0.08842737227678299,21.387470245361328,0.13522744178771973,2.2426533699035645,0.06029796600341797,11.3087158203125,1.1544008255004883,79,19399,0.4178650379180908,,
,,,,,,,79,19399,,1.2298903465270996,0.4721446931362152
0.08032017201185226,22.64043617248535,0.10600781440734863,3.402451753616333,0.031156301498413086,12.450172424316406,1.2785139083862305,79,19449,0.3884851932525635,,
0.08838126808404922,14.89437198638916,0.11631369590759277,2.1657707691192627,0.053705453872680664,11.314614295959473,0.9645109176635742,79,19499,0.32746410369873047,,
,,,,,,,79,19499,,1.223991870880127,0.4635937213897705
,,,,,,0.9666624069213867,80,19549,0.288362979888916,,
0.08294994384050369,21.115182876586914,0.12621808052062988,3.876690626144409,0.03255820274353027,12.055463790893555,1.0004558563232422,80,19599,0.3070542812347412,,
,,,,,,,80,19599,,1.2272347211837769,0.47311750054359436
0.0862007811665535,23.351713180541992,0.12911319732666016,3.443509101867676,0.037494659423828125,11.600823402404785,2.341153621673584,80,19649,0.6692514419555664,,
0.07906677573919296,18.116533279418945,0.10856962203979492,2.131082534790039,0.05094575881958008,12.647538185119629,1.0471343994140625,80,19699,0.3824019432067871,,
,,,,,,,80,19699,,1.2040772438049316,0.46172958612442017
0.07976086437702179,23.669031143188477,0.13193106651306152,3.187037706375122,0.041396141052246094,12.537476539611816,1.0171489715576172,80,19749,0.32099199295043945,,
,,,,,,1.0680341720581055,81,19799,0.34293317794799805,,
,,,,,,,81,19799,,1.2036467790603638,0.46816369891166687
0.07569839060306549,28.490713119506836,0.11627459526062012,3.6966450214385986,0.03145408630371094,13.210320472717285,0.960331916809082,81,19849,0.312361478805542,,
0.07546057552099228,18.784969329833984,0.11063599586486816,2.182828664779663,0.05068469047546387,13.251953125,1.0376625061035156,81,19899,0.36939406394958496,,
,,,,,,,81,19899,,1.2152163982391357,0.4693072736263275
0.09449376910924911,24.469532012939453,0.1458141803741455,4.04736328125,0.036026954650878906,10.582708358764648,1.0774364471435547,81,19949,0.31195664405822754,,
0.09410027414560318,17.395008087158203,0.13363361358642578,2.6252312660217285,0.0509035587310791,10.626961708068848,0.95147705078125,81,19999,0.2888979911804199,,
,,,,,,,81,19999,,1.2302355766296387,0.4709630608558655
,,,,,,0.9856815338134766,82,20049,0.33983373641967773,,
0.08438589423894882,22.820911407470703,0.12810850143432617,2.8996999263763428,0.04417991638183594,11.850321769714355,1.0995845794677734,82,20099,0.3598599433898926,,
,,,,,,,82,20099,,1.225045084953308,0.4713168740272522
0.09290284663438797,21.761919021606445,0.12209606170654297,2.9188425540924072,0.04183030128479004,10.763933181762695,2.468695878982544,82,20149,1.3928924798965454,,
0.0919785425066948,12.23363971710205,0.12324905395507812,1.7135791778564453,0.07192492485046387,10.872100830078125,0.9519443511962891,82,20199,0.308596134185791,,
,,,,,,,82,20199,,1.2128551006317139,0.4653269946575165
0.07862287014722824,25.940710067749023,0.13501667976379395,3.525477647781372,0.038297414779663086,12.718945503234863,1.1530218124389648,82,20249,0.36699676513671875,,
,,,,,,0.9470338821411133,83,20299,0.2964508533477783,,
,,,,,,,83,20299,,1.2234522104263306,0.4639480412006378
0.0683731660246849,46.416404724121094,0.1272144317626953,4.526049613952637,0.028107166290283203,14.625621795654297,0.9051589965820312,83,20349,0.2640395164489746,,
0.0808720588684082,20.445756912231445,0.10917329788208008,2.2968223094940186,0.04753232002258301,12.36521053314209,0.9825639724731445,83,20399,0.3064854145050049,,
,,,,,,,83,20399,,1.2185678482055664,0.4660002589225769
0.09150730818510056,21.113088607788086,0.12333250045776367,2.467205286026001,0.049988746643066406,10.928089141845703,0.9215373992919922,83,20449,0.29067158699035645,,
,,,,,,0.9503116607666016,84,20499,0.2833833694458008,,
,,,,,,,84,20499,,1.2136955261230469,0.471466600894928
0.07751323282718658,26.988595962524414,0.16144657135009766,5.046887397766113,0.031989336013793945,12.901022911071777,0.9313192367553711,84,20549,0.2865638732910156,,
0.09365883469581604,16.431175231933594,0.14551806449890137,2.366419792175293,0.061492919921875,10.67704963684082,1.2899856567382812,84,20599,0.3842294216156006,,
,,,,,,,84,20599,,1.2076319456100464,0.46720948815345764
0.08886642009019852,19.737857818603516,0.12083983421325684,2.5503387451171875,0.04738187789916992,11.25284481048584,0.9487447738647461,84,20649,0.3144350051879883,,
0.08280523866415024,21.007659912109375,0.12259912490844727,2.149686813354492,0.05703115463256836,12.076530456542969,0.9732341766357422,84,20699,0.3028852939605713,,
,,,,,,,84,20699,,1.2059494256973267,0.466739296913147
,,,,,,0.9199037551879883,85,20749,0.28392958641052246,,
0.08319906890392303,24.483821868896484,0.12125158309936523,2.245572328567505,0.05399584770202637,12.019365310668945,0.9156694412231445,85,20799,0.2757740020751953,,
,,,,,,,85,20799,,1.2097753286361694,0.4626418352127075
0.07674204558134079,23.494272232055664,0.12535691261291504,3.516603708267212,0.03564715385437012,13.03066635131836,0.9683551788330078,85,20849,0.3086426258087158,,
0.09478653222322464,18.3000431060791,0.14736437797546387,2.829763174057007,0.05207657814025879,10.55002212524414,1.0812091827392578,85,20899,0.33275771141052246,,
,,,,,,,85,20899,,1.2203503847122192,0.46968328952789307
0.06783854216337204,27.340681076049805,0.11049532890319824,3.089076042175293,0.03576970100402832,14.74088191986084,1.0048408508300781,85,20949,0.3356649875640869,,
,,,,,,0.9338560104370117,86,20999,0.285003662109375,,
,,,,,,,86,20999,,1.211263656616211,0.47082507610321045
0.08617481589317322,24.490148544311523,0.1346111297607422,3.5386803150177,0.0380399227142334,11.604318618774414,1.0551691055297852,86,21049,0.3369557857513428,,
0.08998571336269379,18.603368759155273,0.11816978454589844,2.3141067028045654,0.05106496810913086,11.112874984741211,0.9730415344238281,86,21099,0.29868388175964355,,
,,,,,,,86,21099,,1.231589436531067,0.47802045941352844
0.07701916992664337,30.48564338684082,0.12850594520568848,2.8211848735809326,0.04555034637451172,12.983779907226562,0.9824390411376953,86,21149,0.3239858150482178,,
0.09211494028568268,23.939434051513672,0.13253521919250488,3.91874098777771,0.03382086753845215,10.856002807617188,0.9515838623046875,86,21199,0.305164098739624,,
,,,,,,,86,21199,,1.2091602087020874,0.46238061785697937
,,,,,,0.936976432800293,87,21249,0.3077418804168701,,
0.08514943718910217,20.950477600097656,0.1222846508026123,2.165601968765259,0.05646681785583496,11.744059562683105,0.9329423904418945,87,21299,0.2917599678039551,,
,,,,,,,87,21299,,1.2147026062011719,0.46798214316368103
0.09157043695449829,18.83810806274414,0.12353682518005371,2.5735507011413574,0.04800248146057129,10.920555114746094,0.9631433486938477,87,21349,0.31848978996276855,,
0.0898229107260704,15.178465843200684,0.12923359870910645,2.213024616241455,0.05839681625366211,11.133017539978027,0.9552898406982422,87,21399,0.30536842346191406,,
,,,,,,,87,21399,,1.212870478630066,0.468425452709198
0.07448276877403259,25.632429122924805,0.11022758483886719,2.5206663608551025,0.043729543685913086,13.425924301147461,0.9652166366577148,87,21449,0.3026719093322754,,
,,,,,,0.9526195526123047,88,21499,0.29089832305908203,,
,,,,,,,88,21499,,1.2241621017456055,0.47770586609840393
0.08111420273780823,32.577125549316406,0.14415216445922852,4.379036903381348,0.032918691635131836,12.328296661376953,1.0347471237182617,88,21549,0.32483696937561035,,
0.09065841883420944,14.506767272949219,0.11411380767822266,1.9491126537322998,0.05854654312133789,11.030414581298828,1.0039663314819336,88,21599,0.3012266159057617,,
,,,,,,,88,21599,,1.2400754690170288,0.4886281192302704
0.08067160844802856,20.146459579467773,0.1152961254119873,2.4291210174560547,0.04746413230895996,12.39593505859375,1.223785400390625,88,21649,0.3774373531341553,,
0.09651336073875427,15.428131103515625,0.14653849601745605,2.3738837242126465,0.06172943115234375,10.361259460449219,1.0697269439697266,88,21699,0.3349928855895996,,
,,,,,,,88,21699,,1.2177709341049194,0.47112759947776794
,,,,,,1.1987676620483398,89,21749,0.3421306610107422,,
0.08774245530366898,18.408428192138672,0.12023282051086426,2.8979856967926025,0.0414884090423584,11.396991729736328,0.9218082427978516,89,21799,0.28386926651000977,,
,,,,,,,89,21799,,1.2193171977996826,0.4711027443408966
0.08505779504776001,25.149091720581055,0.12451624870300293,2.936959743499756,0.04239630699157715,11.756711959838867,0.9779434204101562,89,21849,0.3192102909088135,,
0.08963792026042938,20.908639907836914,0.14101052284240723,2.5006277561187744,0.05639004707336426,11.15599250793457,1.0568532943725586,89,21899,0.36835479736328125,,
,,,,,,,89,21899,,1.1978672742843628,0.4598458409309387
0.08741888403892517,25.413028717041016,0.13655757904052734,2.8385567665100098,0.04810810089111328,11.439175605773926,0.9758396148681641,89,21949,0.3030204772949219,,
,,,,,,0.943018913269043,90,21999,0.29445672035217285,,
,,,,,,,90,21999,,1.2055795192718506,0.4685819745063782
0.07368534058332443,43.78520202636719,0.17137908935546875,6.133399486541748,0.02794194221496582,13.571219444274902,3.0748233795166016,90,22049,0.9820148944854736,,
0.09484267979860306,14.813684463500977,0.12021708488464355,2.019331216812134,0.059533119201660156,10.543776512145996,0.9619760513305664,90,22099,0.3245072364807129,,
,,,,,,,90,22099,,1.2231690883636475,0.4830054044723511
0.08330810815095901,28.64396858215332,0.14992737770080566,3.652442455291748,0.041048526763916016,12.003633499145508,0.9398307800292969,90,22149,0.28301119804382324,,
0.09850984811782837,13.251953125,0.14258337020874023,2.14273738861084,0.0665426254272461,10.15126895904541,0.9703302383422852,90,22199,0.30040597915649414,,
,,,,,,,90,22199,,1.208675503730774,0.46244075894355774
,,,,,,0.9690256118774414,91,22249,0.31078147888183594,,
0.08150418102741241,24.090791702270508,0.1293325424194336,4.024094581604004,0.03213953971862793,12.269309997558594,1.045973777770996,91,22299,0.3359951972961426,,
,,,,,,,91,22299,,1.1988580226898193,0.4616799056529999
0.09724576026201248,19.48941993713379,0.13056612014770508,2.6180286407470703,0.04987192153930664,10.283225059509277,1.002166748046875,91,22349,0.33464813232421875,,
0.08696258068084717,17.321014404296875,0.11898946762084961,2.378079414367676,0.050035953521728516,11.499198913574219,0.9699220657348633,91,22399,0.2976968288421631,,
,,,,,,,91,22399,,1.198654294013977,0.46560585498809814
,,,,,,0.9679231643676758,92,22449,0.2892611026763916,,
0.0801883339881897,24.082286834716797,0.1412196159362793,2.732900857925415,0.05167388916015625,12.47064208984375,0.9639616012573242,92,22499,0.2748708724975586,,
,,,,,,,92,22499,,1.2217742204666138,0.4643877148628235
0.08726812154054642,22.755014419555664,0.13289618492126465,3.3440139293670654,0.03974151611328125,11.458938598632812,1.1279067993164062,92,22549,0.36774182319641113,,
0.08971450477838516,18.137758255004883,0.1319429874420166,2.2336764335632324,0.05906987190246582,11.146469116210938,1.0047874450683594,92,22599,0.32541728019714355,,
,,,,,,,92,22599,,1.235442042350769,0.48157885670661926
0.0652996227145195,24.683948516845703,0.12369012832641602,3.023416042327881,0.04091072082519531,15.314023971557617,0.9496021270751953,92,22649,0.2792623043060303,,
,,,,,,0.995854377746582,93,22699,0.2987096309661865,,
,,,,,,,93,22699,,1.210103154182434,0.46596258878707886
0.07544583827257156,25.517444610595703,0.12390899658203125,3.83732533454895,0.03229045867919922,13.254541397094727,0.9329023361206055,93,22749,0.28217077255249023,,
0.0947980210185051,17.52523422241211,0.12954092025756836,2.5110061168670654,0.051589250564575195,10.54874324798584,0.9680280685424805,93,22799,0.31466174125671387,,
,,,,,,,93,22799,,1.1968120336532593,0.4633215367794037
0.06454794853925705,26.592241287231445,0.1122732162475586,3.2756993770599365,0.03427457809448242,15.492359161376953,0.9329442977905273,93,22849,0.2987208366394043,,
0.08484794199466705,21.568029403686523,0.14208316802978516,2.4838078022003174,0.05720376968383789,11.785789489746094,0.9968137741088867,93,22899,0.31728196144104004,,
,,,,,,,93,22899,,1.2204461097717285,0.4730808436870575
,,,,,,0.9826583862304688,94,22949,0.31680846214294434,,
0.08182630687952042,21.374258041381836,0.12196779251098633,2.122943639755249,0.05745220184326172,12.22100830078125,0.9552631378173828,94,22999,0.30652308464050293,,
,,,,,,,94,22999,,1.1975868940353394,0.46115103363990784
0.08231111615896225,20.187532424926758,0.11710691452026367,2.6411893367767334,0.04433870315551758,12.149027824401855,1.1416234970092773,94,23049,0.34833717346191406,,
0.09362838417291641,16.326627731323242,0.12049579620361328,2.0037825107574463,0.060134172439575195,10.680521965026855,0.9470033645629883,94,23099,0.2959287166595459,,
,,,,,,,94,23099,,1.2240979671478271,0.4740537106990814
0.08862697333097458,19.402931213378906,0.11905455589294434,3.230560779571533,0.03685259819030762,11.283246994018555,0.9541025161743164,94,23149,0.3074183464050293,,
,,,,,,1.2363252639770508,95,23199,0.3952515125274658,,
,,,,,,,95,23199,,1.2187213897705078,0.4626637101173401
0.08004660159349442,28.067623138427734,0.13611268997192383,4.29679536819458,0.0316777229309082,12.492722511291504,0.9327192306518555,95,23249,0.2827777862548828,,
0.08155719935894012,17.84956932067871,0.11621618270874023,2.2609336376190186,0.05140185356140137,12.261332511901855,1.09735107421875,95,23299,0.3334033489227295,,
,,,,,,,95,23299,,1.2288051843643188,0.4727800190448761
0.08171949535608292,25.694456100463867,0.1233212947845459,3.3611037731170654,0.036690711975097656,12.236982345581055,0.9709997177124023,95,23349,0.3013465404510498,,
0.09248468279838562,19.058853149414062,0.13360142707824707,2.302825689315796,0.058016300201416016,10.812601089477539,0.9529190063476562,95,23399,0.29189276695251465,,
,,,,,,,95,23399,,1.2190028429031372,0.4733913838863373
,,,,,,1.055434226989746,96,23449,0.3959321975708008,,
0.08760038763284683,22.419857025146484,0.1420457363128662,2.539677619934082,0.05593061447143555,11.415473937988281,0.952662467956543,96,23499,0.2902536392211914,,
,,,,,,,96,23499,,1.2435685396194458,0.4907377064228058
0.08292670547962189,25.026161193847656,0.11271810531616211,3.1581008434295654,0.03569173812866211,12.058841705322266,3.036691665649414,96,23549,0.9141503572463989,,
0.08595404028892517,25.022783279418945,0.14084601402282715,3.265838623046875,0.04312705993652344,11.634123802185059,1.1285648345947266,96,23599,0.3530583381652832,,
,,,,,,,96,23599,,1.2132288217544556,0.4664527177810669
0.07691743224859238,24.415576934814453,0.1228029727935791,2.775686264038086,0.04424238204956055,13.000953674316406,0.9787750244140625,96,23649,0.30379509925842285,,
,,,,,,0.975398063659668,97,23699,0.3007190227508545,,
,,,,,,,97,23699,,1.2277419567108154,0.4740065634250641
0.07511718571186066,24.885169982910156,0.11036372184753418,2.4374780654907227,0.04527783393859863,13.312533378601074,0.9125232696533203,97,23749,0.275864839553833,,
0.09945198893547058,10.038317680358887,0.13209080696105957,1.97880220413208,0.06675291061401367,10.055103302001953,1.1592788696289062,97,23799,0.3624260425567627,,
,,,,,,,97,23799,,1.2476547956466675,0.47873640060424805
0.09206905961036682,19.931652069091797,0.13417410850524902,2.548267364501953,0.05265307426452637,10.861412048339844,0.9363079071044922,97,23849,0.29444217681884766,,
0.08993633091449738,15.929014205932617,0.12907791137695312,2.4797186851501465,0.05205345153808594,11.118977546691895,0.9115228652954102,97,23899,0.27105259895324707,,
,,,,,,,97,23899,,1.2186170816421509,0.4698190689086914
,,,,,,1.4283666610717773,98,23949,0.4373786449432373,,
0.08282339572906494,22.987010955810547,0.12677502632141113,2.741654872894287,0.04624032974243164,12.073883056640625,1.0366573333740234,98,23999,0.3462345600128174,,
,,,,,,,98,23999,,1.1989885568618774,0.46129342913627625
0.0848124623298645,22.66795539855957,0.11530256271362305,3.202211618423462,0.03600716590881348,11.790719985961914,0.9180068969726562,98,24049,0.27083873748779297,,
