batch_time_avg,batch_time_cv_percent,batch_time_max,batch_time_max_min_ratio,batch_time_min,batches_per_second,cell_sets_per_sec,cumulative_flops,cumulative_flops_val_sync,epoch,flops_per_batch,mfu (%),step,train/gradient_norm,train_loss,val_loss
,,,,,,4.81101131439209,86345275932672.0,,0,1726905581568.0,0.8654336333274841,49,24.09069061279297,10.314544677734375,
,,,,,,5.732699871063232,172690551865344.0,,1,,1.031232476234436,99,19.275968551635742,6.65855073928833,
,,,,,,,,172690551865344.0,1,,,99,,,7.054238319396973
0.24221915006637573,16.414247512817383,0.3840646743774414,3.4130923748016357,0.11252689361572266,4.128492832183838,15.499814987182617,259035836186624.0,,1,,2.7881996631622314,149,20.199913024902344,5.072318077087402,
,,,,,,5.079999923706055,345381103730688.0,,2,,0.9138208627700806,199,27.08123016357422,4.1358256340026855,
,,,,,,,,345381103730688.0,2,,,199,,,4.345141410827637
,,,,,,6.346986293792725,431726388051968.0,,3,,0.6811701059341431,249,30.275955200195312,3.6812777519226074,
0.23941336572170258,22.814821243286133,0.35297179222106934,4.094709873199463,0.08620190620422363,4.176876068115234,4.900193214416504,518071672373248.0,,3,,0.8814761638641357,299,30.887435913085938,2.913961887359619,
,,,,,,,,518071672373248.0,3,,,299,,,3.3049216270446777
,,,,,,5.310052394866943,604416990248960.0,,4,,0.9552040696144104,349,18.011188507080078,2.260775566101074,
,,,,,,,690762207461376.0,,5,,,399,26.72833251953125,2.4950904846191406,
,,,,,,,,690762207461376.0,5,,,399,,,3.018157720565796
0.23715345561504364,14.132676124572754,0.3204936981201172,3.6016805171966553,0.08898448944091797,4.216679096221924,46.95177459716797,777107491782656.0,,5,,8.445966720581055,449,25.373199462890625,1.740396499633789,
,,,,,,5.267136096954346,863452776103936.0,,6,,0.947484016418457,499,17.14137077331543,1.6839146614074707,
,,,,,,,,863452776103936.0,6,,,499,,,2.5719971656799316
0.23279374837875366,19.45765495300293,0.3340625762939453,4.028579235076904,0.08292317390441895,4.295648097991943,60.759090423583984,949798060425216.0,,6,,10.929709434509277,549,18.159833908081055,1.5514297485351562,
,,,,,,5.479259967803955,1036143344746496.0,,7,,0.98564213514328,599,16.58968734741211,1.4712905883789062,
,,,,,,,,1036143344746496.0,7,,,599,,,2.4225568771362305
,,,,,,6.546161651611328,1122488629067776.0,,8,,0.7025459408760071,649,10.645142555236816,1.2522773742675781,
0.24025097489356995,23.00648307800293,0.34969019889831543,4.102941036224365,0.08522915840148926,4.162313938140869,6.387860298156738,1208833980497920.0,,8,,1.149086594581604,699,21.374544143676758,1.304123878479004,
,,,,,,,,1208833980497920.0,8,,,699,,,1.849331259727478
,,,,,,5.920007705688477,1295179197710336.0,,9,,1.0649265050888062,749,15.102534294128418,1.2135610580444336,
,,,,,,,1381524414922752.0,,10,,,799,9.234618186950684,1.0144739151000977,
,,,,,,,,1381524414922752.0,10,,,799,,,2.1078760623931885
0.237282857298851,15.71623706817627,0.378680944442749,4.4407806396484375,0.08527350425720215,4.21437931060791,47.19859313964844,1467869766352896.0,,10,,8.490365982055664,849,14.305643081665039,1.1335430145263672,
,,,,,,5.532686233520508,1554214983565312.0,,11,,0.995252788066864,899,11.617016792297363,0.9569053649902344,
,,,,,,,,1554214983565312.0,11,,,899,,,1.926201343536377
,,,,,,,1640560334995456.0,,12,,,949,12.165192604064941,1.0295586585998535,
0.23162153363227844,21.881420135498047,0.35504698753356934,4.143975734710693,0.0856778621673584,4.317387580871582,5.885735988616943,1726905552207872.0,,12,,1.058761477470398,999,12.63664722442627,0.9876875877380371,
,,,,,,,,1726905552207872.0,12,,,999,,,2.482358455657959
,,,,,,5.726302623748779,1813250903638016.0,,13,,1.0300816297531128,1049,9.493321418762207,1.135322093963623,
0.23535068333148956,21.67264747619629,0.37357354164123535,4.34679651260376,0.08594226837158203,4.248978614807129,13.654385566711426,1899596120850432.0,,13,,2.456232786178589,1099,9.36993408203125,0.9384918212890625,
,,,,,,,,1899596120850432.0,13,,,1099,,,2.872620105743408
,,,,,,5.473266124725342,1985941472280576.0,,14,,0.9845640063285828,1149,12.638870239257812,0.9183320999145508,
,,,,,,5.332325458526611,2072286689492992.0,,15,,0.5722748637199402,1199,11.430962562561035,0.9599533081054688,
,,,,,,,,2072286689492992.0,15,,,1199,,,2.5871145725250244
0.23826386034488678,17.44211196899414,0.36049795150756836,4.237157344818115,0.08508014678955078,4.197027683258057,46.17256546020508,2158632040923136.0,,15,,8.305797576904297,1249,15.713773727416992,1.1780996322631836,
,,,,,,6.376535415649414,2244977258135552.0,,16,,1.1470494270324707,1299,15.520983695983887,1.0008468627929688,
,,,,,,,,2244977258135552.0,16,,,1299,,,2.4401307106018066
,,,,,,,2331322475347968.0,,17,,,1349,7.1163458824157715,0.8819270133972168,
0.22246597707271576,20.005735397338867,0.3617265224456787,4.219623565673828,0.0857248306274414,4.49506950378418,4.919869899749756,2417667960995840.0,,17,,0.8850157260894775,1399,8.141319274902344,0.8736600875854492,
,,,,,,,,2417667960995840.0,17,,,1399,,,2.9618327617645264
,,,,,,5.981306552886963,2504013178208256.0,,18,,1.0759532451629639,1449,4.895817756652832,0.8357181549072266,
0.23881712555885315,21.845979690551758,0.3739337921142578,4.3915205001831055,0.08514904975891113,4.187304496765137,59.908424377441406,2590358395420672.0,,18,,10.776686668395996,1499,9.900769233703613,0.9902610778808594,
,,,,,,,,2590358395420672.0,18,,,1499,,,2.849295139312744
,,,,,,6.160728931427002,2676703612633088.0,,19,,1.1082289218902588,1549,17.860530853271484,1.0220708847045898,
,,,,,,5.852005958557129,2763048829845504.0,,20,,0.6280479431152344,1599,8.677762985229492,1.1037969589233398,
,,,,,,,,2763048829845504.0,20,,,1599,,,2.5296804904937744
0.2367045283317566,17.51952362060547,0.36684465408325195,4.322631359100342,0.08486604690551758,4.224676132202148,45.93684768676758,2849394315493376.0,,20,,8.263395309448242,1649,12.48058032989502,0.9032530784606934,
,,,,,,5.293095588684082,2935739532705792.0,,21,,0.9521538019180298,1699,9.015016555786133,0.9990925788879395,
,,,,,,,,2935739532705792.0,21,,,1699,,,3.4121460914611816
,,,,,,6.116246700286865,3022084749918208.0,,22,,0.6564067006111145,1749,6.236181735992432,0.8561530113220215,
0.23164483904838562,22.117366790771484,0.3846898078918457,4.436267375946045,0.0867147445678711,4.316953659057617,7.367476940155029,3108429967130624.0,,22,,1.3253059387207031,1799,15.863597869873047,0.9326481819152832,
,,,,,,,,3108429967130624.0,22,,,1799,,,3.2635788917541504
,,,,,,5.488312244415283,3194775452778496.0,,23,,0.9872705340385437,1849,7.606322288513184,0.7719664573669434,
,,,,,,,3281120669990912.0,,24,,,1899,5.361611366271973,0.9801340103149414,
,,,,,,,,3281120669990912.0,24,,,1899,,,3.4570226669311523
0.24001727998256683,15.29516315460205,0.3523733615875244,4.148487567901611,0.08494019508361816,4.1663665771484375,48.46397018432617,3367465887203328.0,,24,,8.717989921569824,1949,6.217193603515625,1.1585659980773926,
,,,,,,6.292291641235352,3453811104415744.0,,25,,1.1318951845169067,1999,7.5589985847473145,1.1565589904785156,
,,,,,,,,3453811104415744.0,25,,,1999,,,3.8383145332336426
0.23554962873458862,17.825529098510742,0.322676420211792,3.7702503204345703,0.08558487892150879,4.245389938354492,57.553245544433594,3540156590063616.0,,25,,10.353023529052734,2049,16.239355087280273,0.8800816535949707,
,,,,,,5.204944133758545,3626501807276032.0,,26,,0.9362965822219849,2099,6.5502729415893555,0.869384765625,
,,,,,,,,3626501807276032.0,26,,,2099,,,5.175273418426514
,,,,,,6.13718843460083,3712847024488448.0,,27,,0.6586542129516602,2149,4.9990925788879395,0.7898707389831543,
0.2374969720840454,23.18728256225586,0.37720513343811035,4.387762069702148,0.0859675407409668,4.210579872131348,6.355741024017334,3799192241700864.0,,27,,1.1433088779449463,2199,11.320475578308105,0.7844710350036621,
,,,,,,,,3799192241700864.0,27,,,2199,,,3.7002551555633545
,,,,,,6.067648887634277,3885537458913280.0,,28,,1.0914851427078247,2249,6.165817737579346,0.7594795227050781,
,,,,,,,3971882944561152.0,,29,,,2299,5.099865436553955,0.954596996307373,
,,,,,,,,3971882944561152.0,29,,,2299,,,4.390349864959717
0.23658780753612518,16.19419288635254,0.3832411766052246,4.465480327606201,0.08582305908203125,4.226760387420654,45.12022018432617,4058228161773568.0,,29,,8.116496086120605,2349,5.975399971008301,0.8038196563720703,
,,,,,,6.230769634246826,4144573378985984.0,,30,,1.1208282709121704,2399,4.634314060211182,1.0215668678283691,
,,,,,,,,4144573378985984.0,30,,,2399,,,4.668685436248779
,,,,,,,4230918596198400.0,,31,,,2449,5.579776287078857,0.8948698043823242,
0.23127347230911255,20.8001766204834,0.3527531623840332,4.094642639160156,0.08614993095397949,4.323885440826416,5.868052005767822,4317264081846272.0,,31,,1.0555803775787354,2499,6.2986741065979,0.9321613311767578,
,,,,,,,,4317264081846272.0,31,,,2499,,,5.102001190185547
,,,,,,6.316381931304932,4403609299058688.0,,32,,1.1362286806106567,2549,5.586377143859863,0.8516669273376465,
0.23416975140571594,21.88983154296875,0.3547797203063965,4.162679672241211,0.08522868156433105,4.270406246185303,53.881568908691406,4489954516271104.0,,32,,9.692540168762207,2599,12.0407133102417,0.8119039535522461,
,,,,,,,,4489954516271104.0,32,,,2599,,,4.699246406555176
,,,,,,5.906062602996826,4576300001918976.0,,33,,1.062417984008789,2649,11.164169311523438,0.9433302879333496,
,,,,,,5.441904544830322,4662644950695936.0,,34,,0.5840350985527039,2699,12.277026176452637,0.9312362670898438,
,,,,,,,,4662644950695936.0,34,,,2699,,,3.358402967453003
0.24218052625656128,16.860546112060547,0.34993839263916016,4.063071250915527,0.08612656593322754,4.129150867462158,46.10714340209961,4748990436343808.0,,34,,8.294029235839844,2749,5.099082946777344,0.7750911712646484,
,,,,,,5.288535118103027,4835335921991680.0,,35,,0.9513334035873413,2799,8.660393714904785,0.7499551773071289,
,,,,,,,,4835335921991680.0,35,,,2799,,,4.858614921569824
,,,,,,,4921680870768640.0,,36,,,2849,6.453542232513428,0.9747657775878906,
0.23784203827381134,23.86651039123535,0.4295773506164551,5.024954795837402,0.08548879623413086,4.204471111297607,6.566580295562744,5008026356416512.0,,36,,1.181235909461975,2899,10.22847843170166,0.7290787696838379,
,,,,,,,,5008026356416512.0,36,,,2899,,,4.553298473358154
,,,,,,6.620599746704102,5094371305193472.0,,37,,1.1909531354904175,2949,4.9200263023376465,0.8234634399414062,
0.23999935388565063,21.54638671875,0.3750417232513428,4.3677449226379395,0.08586621284484863,4.166677951812744,49.98429489135742,5180716790841344.0,,37,,8.991475105285645,2999,4.670776844024658,0.678227424621582,
,,,,,,,,5180716790841344.0,37,,,2999,,,5.381257057189941
,,,,,,5.747125148773193,5267062276489216.0,,38,,1.033827304840088,3049,10.997276306152344,0.9051961898803711,
,,,,,,5.32131290435791,5353407225266176.0,,39,,0.571092963218689,3099,5.717361927032471,0.7098855972290039,
,,,,,,,,5353407225266176.0,39,,,3099,,,4.358410358428955
0.23957064747810364,17.174789428710938,0.3802924156188965,4.4717559814453125,0.08504319190979004,4.174133777618408,46.070743560791016,5439752710914048.0,,39,,8.287481307983398,3149,8.438694953918457,0.7886815071105957,
,,,,,,5.106925964355469,5526097659691008.0,,40,,0.9186644554138184,3199,4.240562438964844,0.7476973533630371,
,,,,,,,,5526097659691008.0,40,,,3199,,,4.723162651062012
,,,,,,6.403112888336182,5612443145338880.0,,41,,0.6871936917304993,3249,4.367300987243652,1.0068745613098145,
0.23667702078819275,23.41558837890625,0.379863977432251,4.473716735839844,0.08491015434265137,4.225167274475098,5.829959392547607,5698788630986752.0,,41,,1.0487279891967773,3299,7.992439270019531,0.9886331558227539,
,,,,,,,,5698788630986752.0,41,,,3299,,,4.197127819061279
,,,,,,6.246840476989746,5785133579763712.0,,42,,1.1237190961837769,3349,4.598879337310791,0.8521080017089844,
,,,,,,,5871479065411584.0,,43,,,3399,14.601460456848145,1.0228056907653809,
,,,,,,,,5871479065411584.0,43,,,3399,,,3.771376132965088
0.23575249314308167,14.728947639465332,0.35967278480529785,4.254546165466309,0.08453845977783203,4.241736888885498,47.33845520019531,5957824551059456.0,,43,,8.515524864196777,3449,15.240669250488281,0.8533167839050293,
,,,,,,6.495368957519531,6044169499836416.0,,44,,1.1684259176254272,3499,4.227054595947266,1.0719332695007324,
,,,,,,,,6044169499836416.0,44,,,3499,,,4.519593715667725
0.23685577511787415,18.964868545532227,0.3789336681365967,4.425185680389404,0.08563113212585449,4.221978664398193,62.256736755371094,6130514985484288.0,,44,,11.199114799499512,3549,12.346761703491211,0.8292083740234375,
,,,,,,5.5327067375183105,6216859934261248.0,,45,,0.9952564835548401,3599,8.600982666015625,1.8689465522766113,
,,,,,,,,6216859934261248.0,45,,,3599,,,4.643902778625488
,,,,,,6.037060260772705,6303205419909120.0,,46,,0.6479082703590393,3649,7.1190924644470215,0.8315677642822266,
0.22913695871829987,20.82052230834961,0.3626739978790283,4.229511737823486,0.08574843406677246,4.36420202255249,6.091922760009766,6389550905556992.0,,46,,1.0958516597747803,3699,4.941008567810059,0.7449703216552734,
,,,,,,,,6389550905556992.0,46,,,3699,,,4.415170669555664
,,,,,,5.676366329193115,6475895854333952.0,,47,,1.0210988521575928,3749,6.212667942047119,0.8968505859375,
,,,,,,,6562241339981824.0,,48,,,3799,8.011475563049316,0.9477519989013672,
,,,,,,,,6562241339981824.0,48,,,3799,,,4.932871341705322
0.23759706318378448,18.13993263244629,0.402324914932251,4.731719017028809,0.08502721786499023,4.208806037902832,47.52316665649414,6648586288758784.0,,48,,8.548751831054688,3849,4.129037380218506,0.715052604675293,
,,,,,,5.961476802825928,6734931774406656.0,,49,,1.0723861455917358,3899,5.646045684814453,0.8646512031555176,
,,,,,,,,6734931774406656.0,49,,,3899,,,4.621716022491455
0.23003022372722626,21.929916381835938,0.3670170307159424,4.326753616333008,0.08482503890991211,4.347254753112793,69.68941497802734,6821277260054528.0,,49,,12.536149978637695,3949,5.070850849151611,0.6501617431640625,
,,,,,,4.987017631530762,6907622208831488.0,,50,,0.8970946073532104,3999,5.592675685882568,1.9101381301879883,
,,,,,,,,6907622208831488.0,50,,,3999,,,4.139739036560059
,,,,,,6.104706764221191,6993967694479360.0,,51,,1.0981512069702148,4049,9.877495765686035,0.8627200126647949,
0.24034714698791504,24.650413513183594,0.37545108795166016,4.441287040710449,0.08453655242919922,4.160648345947266,23.60373878479004,7080313180127232.0,,51,,4.2459821701049805,4099,10.872112274169922,0.9073710441589355,
,,,,,,,,7080313180127232.0,51,,,4099,,,3.4853413105010986
,,,,,,5.928214073181152,7166658128904192.0,,52,,1.0664026737213135,4149,7.189255237579346,0.7566156387329102,
,,,,,,5.688070297241211,7253003614552064.0,,53,,0.6104540228843689,4199,4.967423915863037,0.8751239776611328,
,,,,,,,,7253003614552064.0,53,,,4199,,,3.2611336708068848
0.2393101155757904,17.797298431396484,0.40721726417541504,4.6731977462768555,0.08713889122009277,4.178678512573242,46.569183349609375,7339348563329024.0,,53,,8.377144813537598,4249,3.8068783283233643,0.7352867126464844,
,,,,,,6.621954917907715,7425694048976896.0,,54,,1.1911970376968384,4299,3.721972703933716,0.7684469223022461,
,,,,,,,,7425694048976896.0,54,,,4299,,,4.55364990234375
,,,,,,,7512039534624768.0,,55,,,4349,5.506643772125244,0.9228439331054688,
0.23218609392642975,22.095314025878906,0.3758821487426758,4.32934045791626,0.0868220329284668,4.30689001083374,8.270146369934082,7598384483401728.0,,55,,1.4876835346221924,4399,3.5108542442321777,0.6489887237548828,
,,,,,,,,7598384483401728.0,55,,,4399,,,3.6430439949035645
,,,,,,5.979824066162109,7684729969049600.0,,56,,1.0756865739822388,4449,3.865903377532959,0.7399530410766602,
0.2333994209766388,20.291967391967773,0.3835630416870117,4.437646389007568,0.08643388748168945,4.284500598907471,27.677997589111328,7771074917826560.0,,56,,4.978884220123291,4499,11.949108123779297,0.8747014999389648,
,,,,,,,,7771074917826560.0,56,,,4499,,,4.755204200744629
,,,,,,5.334693431854248,7857420403474432.0,,57,,0.9596366286277771,4549,5.9980692863464355,0.8219327926635742,
,,,,,,5.310812950134277,7943765889122304.0,,58,,0.5699660778045654,4599,4.377209186553955,0.7498226165771484,
,,,,,,,,7943765889122304.0,58,,,4599,,,4.232102870941162
0.23240408301353455,16.6563663482666,0.34735965728759766,3.949256420135498,0.08795571327209473,4.302850246429443,58.50613784790039,8030110837899264.0,,58,,10.524435043334961,4649,4.627143383026123,0.7026171684265137,
,,,,,,5.724648952484131,8116456323547136.0,,59,,1.0297842025756836,4699,3.5659525394439697,0.7089276313781738,
,,,,,,,,8116456323547136.0,59,,,4699,,,5.421566009521484
,,,,,,,8202801809195008.0,,60,,,4749,4.94303035736084,0.6956572532653809,
0.23289014399051666,21.035680770874023,0.360126256942749,4.19745397567749,0.08579635620117188,4.293869972229004,5.854937553405762,8289146757971968.0,,60,,1.053221344947815,4799,3.6799120903015137,0.7991232872009277,
,,,,,,,,8289146757971968.0,60,,,4799,,,3.522536277770996
,,,,,,6.5067219734191895,8375492243619840.0,,61,,1.1704682111740112,4849,3.0726470947265625,0.7091798782348633,
,,,,,,,8461837192396800.0,,62,,,4899,3.98311710357666,0.7275886535644531,
,,,,,,,,8461837192396800.0,62,,,4899,,,4.808026313781738
0.2347026914358139,15.932254791259766,0.3139970302581787,3.636160135269165,0.08635401725769043,4.260709285736084,10.950152397155762,8548182678044672.0,,62,,1.969779133796692,4949,3.804483413696289,0.7625880241394043,
,,,,,,5.908054351806641,8634528163692544.0,,63,,1.0627762079238892,4999,4.408838272094727,0.9596810340881348,
,,,,,,,,8634528163692544.0,63,,,4999,,,3.951329231262207
0.24161690473556519,18.961872100830078,0.3639669418334961,4.27445650100708,0.08514928817749023,4.1387834548950195,57.57251739501953,8720873112469504.0,,63,,10.356490135192871,5049,10.170939445495605,0.7277669906616211,
,,,,,,5.730648040771484,8807218598117376.0,,64,,1.0308634042739868,5099,4.080113410949707,0.6875667572021484,
,,,,,,,,8807218598117376.0,64,,,5099,,,4.777073383331299
,,,,,,6.403487205505371,8893563546894336.0,,65,,0.6872338652610779,5149,12.420365333557129,0.7873082160949707,
0.23660747706890106,22.850770950317383,0.3670222759246826,4.194158554077148,0.08750796318054199,4.226408958435059,7.192622184753418,8979909032542208.0,,65,,1.2938519716262817,5199,5.73866081237793,0.928164005279541,
,,,,,,,,8979909032542208.0,65,,,5199,,,3.852271318435669
,,,,,,5.471035957336426,9066253981319168.0,,66,,0.9841628074645996,5249,3.395846128463745,0.7244057655334473,
,,,,,,,9152600003837952.0,,67,,,5299,3.5976102352142334,0.7080812454223633,
,,,,,,,,9152600003837952.0,67,,,5299,,,4.776974201202393
0.2336847186088562,17.00506591796875,0.3377711772918701,3.8386390209198,0.08799242973327637,4.279270172119141,45.864925384521484,9238944952614912.0,,67,,8.250457763671875,5349,4.356697082519531,0.7257823944091797,
,,,,,,6.148421764373779,9325289901391872.0,,68,,1.1060149669647217,5399,2.705324411392212,0.6762971878051758,
,,,,,,,,9325289901391872.0,68,,,5399,,,3.1380529403686523
0.2333960235118866,23.378746032714844,0.38568544387817383,4.512979507446289,0.08546137809753418,4.284563064575195,69.31900024414062,9411635923910656.0,,68,,12.469518661499023,5449,9.475302696228027,0.8888874053955078,
,,,,,,5.609729290008545,9497980872687616.0,,69,,1.009111762046814,5499,4.291402339935303,0.6836891174316406,
,,,,,,,,9497980872687616.0,69,,,5499,,,3.806868553161621
,,,,,,6.058845520019531,9584325821464576.0,,70,,0.6502463221549988,5549,4.696723461151123,0.9622640609741211,
0.2348291426897049,20.781715393066406,0.3494277000427246,4.107524871826172,0.08507013320922852,4.258415222167969,7.070750713348389,9670671843983360.0,,70,,1.2719290256500244,5599,8.597063064575195,0.7947602272033691,
,,,,,,,,9670671843983360.0,70,,,5599,,,3.5524895191192627
,,,,,,5.689493179321289,9757016792760320.0,,71,,1.0234601497650146,5649,2.429250478744507,0.8137111663818359,
,,,,,,5.236355781555176,9843361741537280.0,,72,,0.5619752407073975,5699,3.5868828296661377,0.7729387283325195,
,,,,,,,,9843361741537280.0,72,,,5699,,,4.341543197631836
0.22637781500816345,14.624661445617676,0.30321574211120605,3.5407748222351074,0.08563542366027832,4.417394161224365,8.84312915802002,9929706690314240.0,,72,,1.5907552242279053,5749,6.071232318878174,0.6942920684814453,
,,,,,,5.508315563201904,1.0016052712833024e+16,,73,,0.990868866443634,5799,2.9276137351989746,0.6419100761413574,
,,,,,,,,1.0016052712833024e+16,73,,,5799,,,3.476010322570801
,,,,,,,1.0102397661609984e+16,,74,,,5849,11.613320350646973,0.9308600425720215,
0.22741970419883728,19.587322235107422,0.35225820541381836,4.1140594482421875,0.08562302589416504,4.397156238555908,5.620522975921631,1.0188742610386944e+16,,74,,1.011053442955017,5899,7.104737758636475,1.0423564910888672,
,,,,,,,,1.0188742610386944e+16,74,,,5899,,,3.504971504211426
,,,,,,7.024001598358154,1.0275088632905728e+16,,75,,1.263519525527954,5949,5.407853603363037,0.907264232635498,
0.2397741973400116,22.151243209838867,0.35262298583984375,4.135361671447754,0.08527016639709473,4.170590400695801,42.403594970703125,1.0361433581682688e+16,,75,,7.62781286239624,5999,2.550999164581299,0.6110439300537109,
,,,,,,,,1.0361433581682688e+16,75,,,5999,,,3.3890373706817627
,,,,,,5.534214973449707,1.0447778530459648e+16,,76,,0.9955278038978577,6049,5.602367877960205,0.8166065216064453,
,,,,,,5.267664432525635,1.0534124552978432e+16,,77,,0.5653352737426758,6099,2.184631586074829,0.683128833770752,
,,,,,,,,1.0534124552978432e+16,77,,,6099,,,3.4911949634552
0.2440585196018219,19.03717613220215,0.4540290832519531,5.351889133453369,0.08483529090881348,4.097378253936768,47.86009979248047,1.0620469501755392e+16,,77,,8.60936164855957,6149,4.509934425354004,0.6504154205322266,
,,,,,,6.037497043609619,1.0706814450532352e+16,,78,,1.0860612392425537,6199,8.64220905303955,0.7421679496765137,
,,,,,,,,1.0706814450532352e+16,78,,,6199,,,3.1202971935272217
,,,,,,,1.0793160473051136e+16,,79,,,6249,4.462021350860596,0.826289176940918,
0.234506756067276,22.059091567993164,0.38436031341552734,4.501806735992432,0.08537912368774414,4.2642693519592285,7.605255126953125,1.0879505421828096e+16,,79,,1.3680789470672607,6299,4.552247047424316,0.6751360893249512,
,,,,,,,,1.0879505421828096e+16,79,,,6299,,,3.1824276447296143
,,,,,,6.248587608337402,1.0965850370605056e+16,,80,,1.1240334510803223,6349,2.1132822036743164,0.8779788017272949,
,,,,,,,1.1052195319382016e+16,,81,,,6399,9.254226684570312,0.8518276214599609,
,,,,,,,,1.1052195319382016e+16,81,,,6399,,,3.2348670959472656
0.23212763667106628,16.86740493774414,0.33881640434265137,3.9345569610595703,0.08611297607421875,4.307974815368652,9.58924674987793,1.11385413419008e+16,,81,,1.7249711751937866,6449,8.478796005249023,0.9083662033081055,
,,,,,,7.1041669845581055,1.122488629067776e+16,,82,,1.2779401540756226,6499,4.8500776290893555,0.7420506477355957,
,,,,,,,,1.122488629067776e+16,82,,,6499,,,2.362041473388672
0.24091634154319763,18.579198837280273,0.39438319206237793,4.620025157928467,0.08536386489868164,4.150818347930908,26.14379119873047,1.131123123945472e+16,,82,,4.702901840209961,6549,5.54384708404541,0.648768424987793,
,,,,,,6.240500450134277,1.1397577261973504e+16,,83,,1.1225786209106445,6599,2.634354591369629,0.7397117614746094,
,,,,,,,,1.1397577261973504e+16,83,,,6599,,,2.6307225227355957
,,,,,,6.4423346519470215,1.1483922210750464e+16,,84,,0.6914030909538269,6649,3.062316656112671,0.7664957046508789,
0.24000714719295502,23.527830123901367,0.36963438987731934,4.295146942138672,0.0860586166381836,4.1665425300598145,6.32859468460083,1.1570267159527424e+16,,84,,1.138425588607788,6699,9.527571678161621,0.8043475151062012,
,,,,,,,,1.1570267159527424e+16,84,,,6699,,,2.3445520401000977
,,,,,,6.057851314544678,1.1656613182046208e+16,,85,,1.0897226333618164,6749,1.8930692672729492,0.5970640182495117,
,,,,,,,1.1742958130823168e+16,,86,,,6799,4.6488118171691895,0.8466482162475586,
,,,,,,,,1.1742958130823168e+16,86,,,6799,,,1.9138541221618652
0.23123382031917572,14.140482902526855,0.3095064163208008,3.62146258354187,0.0854644775390625,4.324626922607422,48.710594177246094,1.1829303079600128e+16,,86,,8.762353897094727,6849,4.6985321044921875,0.6511030197143555,
,,,,,,6.9028000831604,1.1915649102118912e+16,,87,,1.2417171001434326,6899,1.887609601020813,0.656825065612793,
,,,,,,,,1.1915649102118912e+16,87,,,6899,,,2.3604369163513184
0.2257525771856308,17.689008712768555,0.316300630569458,3.6783337593078613,0.08599019050598145,4.429628372192383,67.69361114501953,1.2001994050895872e+16,,87,,12.177132606506348,6949,3.876899480819702,0.6263847351074219,
,,,,,,5.569220542907715,1.2088338999672832e+16,,88,,1.0018248558044434,6999,6.241856098175049,0.6608209609985352,
,,,,,,,,1.2088338999672832e+16,88,,,6999,,,2.356809139251709
,,,,,,6.178659915924072,1.2174683948449792e+16,,89,,0.6631050109863281,7049,4.887548923492432,0.6660165786743164,
0.2326064109802246,21.243202209472656,0.3509087562561035,4.050009727478027,0.08664393424987793,4.299107551574707,7.794042110443115,1.2261029970968576e+16,,89,,1.4020390510559082,7099,6.2226243019104,0.7291359901428223,
,,,,,,,,1.2261029970968576e+16,89,,,7099,,,2.730621576309204
,,,,,,5.114205360412598,1.2347374919745536e+16,,90,,0.9199739694595337,7149,4.859500885009766,0.6776151657104492,
,,,,,,5.221330642700195,1.2433719868522496e+16,,91,,0.560362696647644,7199,2.250675678253174,0.8186674118041992,
,,,,,,,,1.2433719868522496e+16,91,,,7199,,,2.3147027492523193
0.23049621284008026,14.451749801635742,0.28591394424438477,3.337749481201172,0.08566069602966309,4.338466167449951,9.904561042785645,1.252006589104128e+16,,91,,1.7816917896270752,7249,2.8788583278656006,0.959528923034668,
,,,,,,5.2887372970581055,1.260641083981824e+16,,92,,0.9513698220252991,7299,2.2980613708496094,0.8350381851196289,
,,,,,,,,1.260641083981824e+16,92,,,7299,,,2.685504198074341
,,,,,,,1.26927557885952e+16,,93,,,7349,2.873444080352783,0.8137445449829102,
0.23583254218101501,22.837263107299805,0.38037681579589844,4.386734962463379,0.08671069145202637,4.240296840667725,6.10579776763916,1.2779101811113984e+16,,93,,1.098347544670105,7399,2.795691728591919,0.6574912071228027,
,,,,,,,,1.2779101811113984e+16,93,,,7399,,,1.8560200929641724
,,,,,,6.975219249725342,1.2865446759890944e+16,,94,,1.254744291305542,7449,5.607149600982666,1.0015902519226074,
0.23793724179267883,23.147356033325195,0.3891751766204834,4.532771587371826,0.08585810661315918,4.202788829803467,49.99982833862305,1.2951791708667904e+16,,94,,8.994269371032715,7499,1.8233314752578735,0.6736021041870117,
,,,,,,,,1.2951791708667904e+16,94,,,7499,,,1.5360355377197266
,,,,,,5.886897087097168,1.3038137731186688e+16,,95,,1.058970332145691,7549,4.066122531890869,1.629183292388916,
,,,,,,5.135167598724365,1.3124482679963648e+16,,96,,0.5511155128479004,7599,1.7483679056167603,0.6565284729003906,
,,,,,,,,1.3124482679963648e+16,96,,,7599,,,1.6753180027008057
0.22992363572120667,18.980308532714844,0.3797762393951416,4.441938877105713,0.08549785614013672,4.349269866943359,50.90300369262695,1.3210827628740608e+16,,96,,9.156737327575684,7649,6.448361873626709,0.7493882179260254,
,,,,,,6.269855499267578,1.3297172577517568e+16,,97,,1.1278592348098755,7699,6.76057243347168,0.9638423919677734,
,,,,,,,,1.3297172577517568e+16,97,,,7699,,,2.7033088207244873
,,,,,,,1.3383518600036352e+16,,98,,,7749,1.403409481048584,0.7771406173706055,
0.23844191431999207,23.75235366821289,0.3947606086730957,4.633233070373535,0.08520197868347168,4.1938934326171875,6.054440498352051,1.3469863548813312e+16,,98,,1.0891090631484985,7799,1.5689647197723389,0.680241584777832,
,,,,,,,,1.3469863548813312e+16,98,,,7799,,,2.1552162170410156
,,,,,,5.915283679962158,1.3556208497590272e+16,,99,,1.0640767812728882,7849,2.278347969055176,0.7098288536071777,
0.24875564873218536,21.56020736694336,0.3751485347747803,4.3106279373168945,0.08702874183654785,4.0200090408325195,46.38959503173828,1.3642554520109056e+16,,99,,8.344839096069336,7899,2.317094326019287,0.55023193359375,
,,,,,,,,1.3642554520109056e+16,99,,,7899,,,1.886500597000122
,,,,,,5.326231479644775,1.3728899468886016e+16,,100,,0.958114504814148,7949,10.388340950012207,1.5824289321899414,
,,,,,,5.964687347412109,1.3815244417662976e+16,,101,,1.072963833808899,7999,1.6322836875915527,0.6225275993347168,
,,,,,,,,1.3815244417662976e+16,101,,,7999,,,1.6116570234298706
0.23036037385463715,15.742528915405273,0.33530092239379883,3.89760684967041,0.08602738380432129,4.341024398803711,18.756685256958008,1.390159044018176e+16,,101,,3.3740649223327637,8049,3.0125467777252197,0.7273244857788086,
,,,,,,5.792691230773926,1.398793538895872e+16,,102,,1.04202401638031,8099,3.353231430053711,0.6395440101623535,
,,,,,,,,1.398793538895872e+16,102,,,8099,,,2.242525577545166
,,,,,,6.047850608825684,1.407428033773568e+16,,103,,0.6490663290023804,8149,2.3233866691589355,0.7542386054992676,
0.23081770539283752,20.711442947387695,0.3222804069519043,3.794896125793457,0.08492469787597656,4.332423210144043,6.243273735046387,1.4160626360254464e+16,,103,,1.1230775117874146,8199,11.881440162658691,0.8525938987731934,
,,,,,,,,1.4160626360254464e+16,103,,,8199,,,1.3809764385223389
,,,,,,6.324376106262207,1.4246971309031424e+16,,104,,1.1376667022705078,8249,2.161289930343628,0.6959857940673828,
,,,,,,,1.4333316257808384e+16,,105,,,8299,2.0360360145568848,0.7229642868041992,
,,,,,,,,1.4333316257808384e+16,105,,,8299,,,1.6614223718643188
0.2333168089389801,15.563288688659668,0.3631420135498047,4.192906856536865,0.0866086483001709,4.286017894744873,49.73429870605469,1.4419661206585344e+16,,105,,8.946504592895508,8349,2.397709369659424,0.5715460777282715,
,,,,,,6.403480052947998,1.4506007229104128e+16,,106,,1.151896357536316,8399,3.294332265853882,0.6532669067382812,
,,,,,,,,1.4506007229104128e+16,106,,,8399,,,2.2900145053863525
0.23097127676010132,19.140661239624023,0.3577098846435547,4.164001941680908,0.08590531349182129,4.329542636871338,66.72464752197266,1.4592352177881088e+16,,106,,12.002830505371094,8449,3.2329607009887695,0.6575131416320801,
,,,,,,5.247111797332764,1.4678697126658048e+16,,107,,0.9438819289207458,8499,6.54502534866333,0.7440986633300781,
,,,,,,,,1.4678697126658048e+16,107,,,8499,,,2.1971006393432617
,,,,,,6.058413982391357,1.4765043149176832e+16,,108,,0.6502000093460083,8549,1.5238314867019653,0.6279153823852539,
0.23838086426258087,22.6160945892334,0.370868444442749,4.307600975036621,0.08609628677368164,4.194967746734619,6.22551155090332,1.4851388097953792e+16,,108,,1.119882345199585,8599,3.3711111545562744,0.6526098251342773,
,,,,,,,,1.4851388097953792e+16,108,,,8599,,,1.8689955472946167
,,,,,,5.641058444976807,1.4937733046730752e+16,,109,,1.0147473812103271,8649,2.703322649002075,0.655789852142334,
,,,,,,,1.5024079069249536e+16,,110,,,8699,1.3034361600875854,0.6050219535827637,
,,,,,,,,1.5024079069249536e+16,110,,,8699,,,1.9937782287597656
0.22957074642181396,16.122520446777344,0.3335256576538086,3.893263578414917,0.08566737174987793,4.355955600738525,49.04780960083008,1.5110424018026496e+16,,110,,8.823014259338379,8749,11.222977638244629,0.8607702255249023,
,,,,,,6.509092807769775,1.5196768966803456e+16,,111,,1.1708946228027344,8799,1.1578179597854614,0.6004748344421387,
,,,,,,,,1.5196768966803456e+16,111,,,8799,,,2.3944766521453857
,,,,,,,1.528311498932224e+16,,112,,,8849,5.353900909423828,0.6895022392272949,
0.2264801412820816,20.47414779663086,0.33188557624816895,3.8422422409057617,0.08637809753417969,4.415398120880127,5.020074844360352,1.53694599380992e+16,,112,,0.9030412435531616,8899,13.22961711883545,1.0042190551757812,
,,,,,,,,1.53694599380992e+16,112,,,8899,,,1.1559065580368042
,,,,,,6.106135845184326,1.545580488687616e+16,,113,,1.0984083414077759,8949,1.4491482973098755,0.7741870880126953,
0.23418761789798737,21.077350616455078,0.3686234951019287,4.27761697769165,0.08617496490478516,4.27008056640625,30.98902130126953,1.554214983565312e+16,,113,,5.574491024017334,8999,1.9049969911575317,0.657536506652832,
,,,,,,,,1.554214983565312e+16,113,,,8999,,,1.219419002532959
,,,,,,6.159097671508789,1.5628495858171904e+16,,114,,1.1079354286193848,9049,3.958031415939331,0.6150627136230469,
,,,,,,5.1749138832092285,1.5714840806948864e+16,,115,,0.555381178855896,9099,2.796402931213379,0.6180901527404785,
,,,,,,,,1.5714840806948864e+16,115,,,9099,,,1.0532073974609375
0.23999708890914917,18.018495559692383,0.3831970691680908,4.480625152587891,0.08552312850952148,4.166717052459717,48.03291702270508,1.5801185755725824e+16,,115,,8.640449523925781,9149,1.2412757873535156,0.794708251953125,
,,,,,,5.841979503631592,1.5887531778244608e+16,,116,,1.050890326499939,9199,2.0605969429016113,0.6529812812805176,
,,,,,,,,1.5887531778244608e+16,116,,,9199,,,1.5954488515853882
,,,,,,,1.5973876727021568e+16,,117,,,9249,5.513885021209717,0.6584372520446777,
0.23085060715675354,20.413471221923828,0.3456573486328125,4.067228317260742,0.08498597145080566,4.33180570602417,5.6367292404174805,1.6060221675798528e+16,,117,,1.0139687061309814,9299,2.2764391899108887,0.6596813201904297,
,,,,,,,,1.6060221675798528e+16,117,,,9299,,,1.1949299573898315
,,,,,,6.428771495819092,1.6146567698317312e+16,,118,,1.1564459800720215,9349,13.107034683227539,0.8218188285827637,
0.23976781964302063,20.3253116607666,0.345700740814209,4.043193340301514,0.08550190925598145,4.170701503753662,50.782630920410156,1.6232912647094272e+16,,118,,9.13508415222168,9399,1.7562174797058105,0.6843118667602539,
,,,,,,,,1.6232912647094272e+16,118,,,9399,,,1.3816306591033936
,,,,,,6.093367099761963,1.6319257595871232e+16,,119,,1.0961114168167114,9449,12.286396026611328,0.9486265182495117,
,,,,,,5.712316513061523,1.6405603618390016e+16,,120,,0.6130561828613281,9499,1.8489784002304077,0.8423962593078613,
,,,,,,,,1.6405603618390016e+16,120,,,9499,,,1.1569452285766602
0.22846195101737976,16.416156768798828,0.30608463287353516,3.5954272747039795,0.08513164520263672,4.377096652984619,48.88527297973633,1.6491948567166976e+16,,120,,8.793776512145996,9549,1.0928645133972168,0.6031060218811035,
,,,,,,5.822842121124268,1.6578293515943936e+16,,121,,1.0474478006362915,9599,3.078920841217041,0.6003355979919434,
,,,,,,,,1.6578293515943936e+16,121,,,9599,,,1.883189082145691
,,,,,,6.034027099609375,1.6664638464720896e+16,,122,,0.6475827693939209,9649,0.8340098857879639,0.6250677108764648,
0.2349804788827896,22.507102966308594,0.35512566566467285,4.168499946594238,0.08519268035888672,4.255672454833984,6.148822784423828,1.675098448723968e+16,,122,,1.1060870885849,9699,1.5711829662322998,0.6268138885498047,
,,,,,,,,1.675098448723968e+16,122,,,9699,,,1.204797387123108
,,,,,,5.433320999145508,1.683732943601664e+16,,123,,0.9773783683776855,9749,3.728844165802002,0.5837044715881348,
,,,,,,,1.69236743847936e+16,,124,,,9799,3.124973773956299,0.6658539772033691,
,,,,,,,,1.69236743847936e+16,124,,,9799,,,1.27046799659729
0.2289285808801651,14.08227825164795,0.2827773094177246,3.3086748123168945,0.0854654312133789,4.3681745529174805,47.49237060546875,1.7010020407312384e+16,,124,,8.543212890625,9849,6.786433219909668,0.8974709510803223,
,,,,,,6.032598972320557,1.7096365356089344e+16,,125,,1.0851800441741943,9899,9.153863906860352,0.911353588104248,
,,,,,,,,1.7096365356089344e+16,125,,,9899,,,1.269963264465332
0.2310558408498764,23.75773048400879,0.3874967098236084,4.501509666442871,0.08608150482177734,4.327958106994629,67.39915466308594,1.7182710304866304e+16,,125,,12.124163627624512,9949,1.1318304538726807,0.5124897956848145,
,,,,,,5.581127643585205,1.7269056327385088e+16,,126,,1.0039668083190918,9999,1.9627920389175415,0.7152018547058105,
,,,,,,,,1.7269056327385088e+16,126,,,9999,,,1.6266801357269287
,,,,,,6.245912551879883,1.7355401276162048e+16,,127,,0.6703227162361145,10049,6.454430103302002,0.6150469779968262,
0.2347458153963089,22.620420455932617,0.3745558261871338,4.424482345581055,0.0846552848815918,4.259926795959473,6.360426425933838,1.7441746224939008e+16,,127,,1.1441516876220703,10099,1.952823519706726,0.5474205017089844,
,,,,,,,,1.7441746224939008e+16,127,,,10099,,,1.3295435905456543
,,,,,,5.740515232086182,1.7528092247457792e+16,,128,,1.0326383113861084,10149,4.975076675415039,0.7104520797729492,
,,,,,,,1.7614437196234752e+16,,129,,,10199,1.0856950283050537,0.6992936134338379,
,,,,,,,,1.7614437196234752e+16,129,,,10199,,,1.267441987991333
0.23969058692455292,15.763396263122559,0.3659703731536865,4.298466682434082,0.08513975143432617,4.1720452308654785,46.554203033447266,1.7700782145011712e+16,,129,,8.374448776245117,10249,1.0818498134613037,0.5856585502624512,
,,,,,,6.700715065002441,1.7787127093788672e+16,,130,,1.2053648233413696,10299,2.009613037109375,0.758725643157959,
,,,,,,,,1.7787127093788672e+16,130,,,10299,,,1.1489760875701904
,,,,,,,1.7873473116307456e+16,,131,,,10349,1.8831559419631958,0.5597543716430664,
0.23415707051753998,22.111719131469727,0.36906862258911133,4.318831920623779,0.08545565605163574,4.270637512207031,5.900355815887451,1.7959818065084416e+16,,131,,1.0613914728164673,10399,2.3471293449401855,0.7237968444824219,
,,,,,,,,1.7959818065084416e+16,131,,,10399,,,1.2146483659744263
,,,,,,6.137261867523193,1.80461640876032e+16,,132,,1.1040074825286865,10449,1.252512812614441,0.6068868637084961,
0.23640114068984985,22.95642852783203,0.38171863555908203,4.538042068481445,0.08411526679992676,4.230098247528076,40.1805419921875,1.8132507962638336e+16,,132,,7.227916717529297,10499,0.9064165353775024,0.568544864654541,
,,,,,,,,1.8132507962638336e+16,132,,,10499,,,1.1575373411178589
,,,,,,5.256241321563721,1.821885398515712e+16,,133,,0.9455242156982422,10549,6.141621112823486,0.731569766998291,
,,,,,,5.1677374839782715,1.8305200007675904e+16,,134,,0.5546109676361084,10599,6.81054162979126,0.7701401710510254,
,,,,,,,,1.8305200007675904e+16,134,,,10599,,,1.0282988548278809
0.2438579648733139,18.112804412841797,0.3636941909790039,4.234274387359619,0.08589291572570801,4.100747585296631,47.34662628173828,1.839154388271104e+16,,134,,8.516995429992676,10649,9.270097732543945,0.718442440032959,
,,,,,,5.349920272827148,1.8477889905229824e+16,,135,,0.9623757600784302,10699,2.4102463722229004,0.5404191017150879,
,,,,,,,,1.8477889905229824e+16,135,,,10699,,,1.435673475265503
,,,,,,,1.856423592774861e+16,,136,,,10749,2.5884227752685547,0.6544961929321289,
0.2334958016872406,21.056352615356445,0.34340786933898926,3.9837067127227783,0.08620309829711914,4.282732009887695,6.224616050720215,1.8650579802783744e+16,,136,,1.1197212934494019,10799,2.832533121109009,0.5526633262634277,
,,,,,,,,1.8650579802783744e+16,136,,,10799,,,1.252034068107605
,,,,,,6.6589484214782715,1.873692582530253e+16,,137,,1.1978516578674316,10849,0.9825240969657898,0.5755367279052734,
0.24389852583408356,22.427349090576172,0.36171746253967285,4.252098560333252,0.0850679874420166,4.1000657081604,23.758935928344727,1.882327184782131e+16,,137,,4.273900032043457,10899,4.35903787612915,0.5326933860778809,
,,,,,,,,1.882327184782131e+16,137,,,10899,,,1.0596345663070679
,,,,,,5.325520992279053,1.890961572285645e+16,,138,,0.9579866528511047,10949,8.677736282348633,0.6707968711853027,
,,,,,,5.232255935668945,1.899596174537523e+16,,139,,0.5615351796150208,10999,4.0005388259887695,0.5368199348449707,
,,,,,,,,1.899596174537523e+16,139,,,10999,,,1.052331566810608
0.2387293130159378,17.682498931884766,0.3619234561920166,4.1195387840271,0.08785533905029297,4.188844680786133,46.046836853027344,1.9082307767894016e+16,,139,,8.283181190490723,11049,0.9083563685417175,0.5485262870788574,
,,,,,,5.72524356842041,1.916865164292915e+16,,140,,1.0298911333084106,11099,3.2302443981170654,0.5946493148803711,
,,,,,,,,1.916865164292915e+16,140,,,11099,,,0.9941400289535522
,,,,,,6.323550701141357,1.9254997665447936e+16,,141,,0.6786549687385559,11149,0.9419724345207214,0.6702375411987305,
0.2390361726284027,23.94495964050293,0.3894166946411133,4.509550094604492,0.08635377883911133,4.183466911315918,6.101587295532227,1.934134368796672e+16,,141,,1.0975902080535889,11199,2.5993669033050537,0.7913427352905273,
,,,,,,,,1.934134368796672e+16,141,,,11199,,,1.036098837852478
,,,,,,5.780159950256348,1.9427687563001856e+16,,142,,1.0397698879241943,11249,4.877379894256592,0.6529345512390137,
,,,,,,,1.951403358552064e+16,,143,,,11299,1.5377531051635742,0.6073236465454102,
,,,,,,,,1.951403358552064e+16,143,,,11299,,,1.0163542032241821
0.2393839806318283,16.179967880249023,0.32654523849487305,3.8090879917144775,0.08572793006896973,4.177389144897461,46.4321403503418,1.9600377460555776e+16,,143,,8.352492332458496,11349,2.0901215076446533,0.5430545806884766,
,,,,,,5.755397319793701,1.968672348307456e+16,,144,,1.0353153944015503,11399,5.067492485046387,0.913724422454834,
,,,,,,,,1.968672348307456e+16,144,,,11399,,,1.1406559944152832
0.24045416712760925,16.820629119873047,0.3501098155975342,4.131871223449707,0.08473396301269531,4.158796787261963,63.23219299316406,1.9773069505593344e+16,,144,,11.37458610534668,11449,1.6026203632354736,0.5063214302062988,
,,,,,,5.732301712036133,1.985941338062848e+16,,145,,1.031160831451416,11499,1.112627625465393,1.283740520477295,
,,,,,,,,1.985941338062848e+16,145,,,11499,,,1.1145817041397095
,,,,,,6.146477699279785,1.9945759403147264e+16,,146,,0.6596511602401733,11549,4.255300045013428,0.5893793106079102,
0.22891530394554138,20.651498794555664,0.3491630554199219,4.0953240394592285,0.08525896072387695,4.368427753448486,9.583626747131348,2.003210542566605e+16,,146,,1.7239601612091064,11599,2.866225242614746,0.5845522880554199,
,,,,,,,,2.003210542566605e+16,146,,,11599,,,1.003935694694519
,,,,,,6.203953266143799,2.0118449300701184e+16,,147,,1.1160043478012085,11649,1.5389328002929688,0.6637330055236816,
,,,,,,,2.020479532321997e+16,,148,,,11699,1.389107346534729,0.6242165565490723,
,,,,,,,,2.020479532321997e+16,148,,,11699,,,1.2908849716186523
0.24429897964000702,16.710386276245117,0.3389551639556885,3.9631168842315674,0.08552742004394531,4.093344688415527,44.22996520996094,2.029114134573875e+16,,148,,7.9563517570495605,11749,0.9770233631134033,0.5680193901062012,
,,,,,,7.0402398109436035,2.037748522077389e+16,,149,,1.2664406299591064,11799,6.103704929351807,0.673647403717041,
,,,,,,,,2.037748522077389e+16,149,,,11799,,,0.9942179322242737
0.23775136470794678,24.046127319335938,0.3891308307647705,4.554209232330322,0.08544421195983887,4.2060747146606445,69.82633209228516,2.046383124329267e+16,,149,,12.560779571533203,11849,20.20343017578125,0.7381482720375061,
,,,,,,5.362298965454102,2.0550177265811456e+16,,150,,0.964602530002594,11899,2.100379705429077,1.264991283416748,
,,,,,,,,2.0550177265811456e+16,150,,,11899,,,1.02009117603302
,,,,,,5.721358776092529,2.063652114084659e+16,,151,,1.029192328453064,11949,3.0236847400665283,0.5409173965454102,
0.23241204023361206,21.038549423217773,0.3384263515472412,3.7805869579315186,0.08951687812805176,4.302702903747559,13.907176971435547,2.0722867163365376e+16,,151,,2.50170636177063,11999,3.1327760219573975,0.6298604011535645,
,,,,,,,,2.0722867163365376e+16,151,,,11999,,,1.1579115390777588
,,,,,,5.606558322906494,2.080921318588416e+16,,152,,1.0085413455963135,12049,3.5388236045837402,0.5676803588867188,
,,,,,,5.613989353179932,2.0895557060919296e+16,,153,,0.6025035381317139,12099,5.395420551300049,0.7274270057678223,
,,,,,,,,2.0895557060919296e+16,153,,,12099,,,1.4216132164001465
0.22941377758979797,16.110157012939453,0.34271979331970215,3.9636003971099854,0.08646678924560547,4.358936309814453,45.67552185058594,2.098190308343808e+16,,153,,8.216386795043945,12149,1.1559897661209106,0.6054234504699707,
,,,,,,5.144715309143066,2.1068249105956864e+16,,154,,0.9254622459411621,12199,2.754600763320923,0.5941052436828613,
,,,,,,,,2.1068249105956864e+16,154,,,12199,,,1.016257643699646
,,,,,,,2.1154592980992e+16,,155,,,12249,9.886032104492188,0.7761268615722656,
0.23852981626987457,21.502275466918945,0.33864760398864746,3.970034599304199,0.08530092239379883,4.192348003387451,5.948164463043213,2.1240939003510784e+16,,155,,1.0699915885925293,12299,1.6913608312606812,0.505800724029541,
,,,,,,,,2.1240939003510784e+16,155,,,12299,,,1.0507349967956543
,,,,,,6.0944061279296875,2.132728502602957e+16,,156,,1.096298336982727,12349,4.397811412811279,0.5703973770141602,
0.23602738976478577,19.7634334564209,0.3572986125946045,4.174100399017334,0.08559894561767578,4.2367963790893555,55.33993911743164,2.1413628901064704e+16,,156,,9.954880714416504,12399,7.086570739746094,0.7119607925415039,
,,,,,,,,2.1413628901064704e+16,156,,,12399,,,2.5248892307281494
,,,,,,5.8281426429748535,2.149997492358349e+16,,157,,1.0484012365341187,12449,1.7803773880004883,0.6132526397705078,
,,,,,,5.47554874420166,2.158632094610227e+16,,158,,0.5876458287239075,12499,2.445976734161377,0.5837407112121582,
,,,,,,,,2.158632094610227e+16,158,,,12499,,,0.9556468725204468
0.2326449155807495,16.943096160888672,0.34295153617858887,3.998629570007324,0.08576726913452148,4.298396110534668,46.523643493652344,2.167266482113741e+16,,158,,8.368952751159668,12549,0.986595630645752,0.4946293830871582,
,,,,,,5.769638538360596,2.175901084365619e+16,,159,,1.0378772020339966,12599,5.408814430236816,0.6314520835876465,
,,,,,,,,2.175901084365619e+16,159,,,12599,,,0.9942331910133362
,,,,,,,2.184535471869133e+16,,160,,,12649,3.7412099838256836,0.5807147026062012,
0.24097339808940887,24.47655487060547,0.4054443836212158,4.739264011383057,0.08555006980895996,4.149835586547852,5.762747287750244,2.193170074121011e+16,,160,,1.036637544631958,12699,2.8665976524353027,0.640049934387207,
,,,,,,,,2.193170074121011e+16,160,,,12699,,,1.1615221500396729
,,,,,,5.53856897354126,2.2018046763728896e+16,,161,,0.9963110089302063,12749,1.600548505783081,0.554771900177002,
,,,,,,,2.210439063876403e+16,,162,,,12799,26.04412269592285,1.9437828063964844,
,,,,,,,,2.210439063876403e+16,162,,,12799,,,1.578879952430725
0.24286234378814697,18.080394744873047,0.35478997230529785,4.185349941253662,0.08476948738098145,4.11755895614624,20.650470733642578,2.2190736661282816e+16,,162,,3.7147305011749268,12849,3.2580370903015137,0.625485897064209,
,,,,,,6.581941604614258,2.22770826838016e+16,,163,,1.1839991807937622,12899,1.1309956312179565,0.7129464149475098,
,,,,,,,,2.22770826838016e+16,163,,,12899,,,0.9869875311851501
0.2401585429906845,20.77730369567871,0.3851039409637451,4.531764030456543,0.08497881889343262,4.163916110992432,57.575347900390625,2.2363426558836736e+16,,163,,10.356999397277832,12949,18.487470626831055,1.345139503479004,
,,,,,,5.934715747833252,2.244977258135552e+16,,164,,1.0675722360610962,12999,5.9733381271362305,0.6401433944702148,
,,,,,,,,2.244977258135552e+16,164,,,12999,,,1.1068977117538452
,,,,,,6.161937713623047,2.2536118603874304e+16,,165,,0.6613103747367859,13049,8.395686149597168,0.6271147727966309,
0.2363496869802475,21.866090774536133,0.33864450454711914,3.9235334396362305,0.08631110191345215,4.231019020080566,7.186506748199463,2.262246247890944e+16,,165,,1.2927519083023071,13099,5.354393482208252,0.7396655082702637,
,,,,,,,,2.262246247890944e+16,165,,,13099,,,1.1736176013946533
,,,,,,6.082616806030273,2.2708808501428224e+16,,166,,1.0941776037216187,13149,3.2336220741271973,0.5974025726318359,
,,,,,,,2.279515452394701e+16,,167,,,13199,2.9310200214385986,0.5428271293640137,
,,,,,,,,2.279515452394701e+16,167,,,13199,,,0.9698123931884766
0.23060277104377747,14.350031852722168,0.32926034927368164,3.9060909748077393,0.08429408073425293,4.336461544036865,47.6340446472168,2.2881498398982144e+16,,167,,8.568697929382324,13249,1.2406727075576782,0.5813984870910645,
,,,,,,6.851558208465576,2.296784442150093e+16,,168,,1.232499361038208,13299,1.39140784740448,0.537813663482666,
,,,,,,,,2.296784442150093e+16,168,,,13299,,,0.9625869989395142
0.2338409274816513,23.276464462280273,0.35288166999816895,4.179872989654541,0.08442401885986328,4.276411533355713,68.92110443115234,2.305419044401971e+16,,168,,12.397941589355469,13349,8.447198867797852,0.800412654876709,
,,,,,,5.247851371765137,2.314053431905485e+16,,169,,0.9440149664878845,13399,3.159485340118408,0.5891962051391602,
,,,,,,,,2.314053431905485e+16,169,,,13399,,,1.0783474445343018
,,,,,,6.105340003967285,2.322688034157363e+16,,170,,0.6552361845970154,13449,2.748819589614868,0.7839927673339844,
0.2399502843618393,23.0440731048584,0.3643932342529297,4.277678489685059,0.08518481254577637,4.167530059814453,6.830598831176758,2.3313226364092416e+16,,170,,1.2287291288375854,13499,2.486252546310425,0.5334386825561523,
,,,,,,,,2.3313226364092416e+16,170,,,13499,,,1.0869859457015991
,,,,,,6.018098831176758,2.339957023912755e+16,,171,,1.0825717449188232,13549,1.052716851234436,0.5249786376953125,
,,,,,,5.153747081756592,2.3485916261646336e+16,,172,,0.5531094670295715,13599,2.4588887691497803,0.5749907493591309,
,,,,,,,,2.3485916261646336e+16,172,,,13599,,,1.148759126663208
0.23093421757221222,15.53856086730957,0.3497183322906494,4.051958084106445,0.08630847930908203,4.33023738861084,9.928160667419434,2.357226228416512e+16,,172,,1.7859371900558472,13649,1.25146484375,0.5670351982116699,
,,,,,,6.136855125427246,2.3658606159200256e+16,,173,,1.1039342880249023,13699,2.1167120933532715,0.509343147277832,
,,,,,,,,2.3658606159200256e+16,173,,,13699,,,1.017998456954956
,,,,,,,2.374495218171904e+16,,174,,,13749,2.4389431476593018,0.5876164436340332,
0.23221267759799957,21.889789581298828,0.36167097091674805,4.207752704620361,0.0859534740447998,4.306397438049316,6.121380805969238,2.3831298204237824e+16,,174,,1.1011507511138916,13799,3.8241372108459473,0.7046456336975098,
,,,,,,,,2.3831298204237824e+16,174,,,13799,,,0.9966292381286621
,,,,,,6.281651020050049,2.391764207927296e+16,,175,,1.1299810409545898,13849,6.200484275817871,0.6821608543395996,
0.2354995161294937,20.662229537963867,0.368236780166626,4.304378032684326,0.08554935455322266,4.246293544769287,56.53384017944336,2.4003988101791744e+16,,175,,10.169646263122559,13899,3.196199655532837,0.4860076904296875,
,,,,,,,,2.4003988101791744e+16,175,,,13899,,,0.9975789189338684
,,,,,,5.525930404663086,2.409033197682688e+16,,176,,0.9940375089645386,13949,1.1783326864242554,0.6145997047424316,
,,,,,,5.818655490875244,2.4176677999345664e+16,,177,,0.6244686841964722,13999,1.2164229154586792,0.48647022247314453,
,,,,,,,,2.4176677999345664e+16,177,,,13999,,,0.9845079779624939
0.23863838613033295,16.255468368530273,0.34157395362854004,3.9974358081817627,0.0854482650756836,4.190440654754639,45.6857795715332,2.426302402186445e+16,,177,,8.218232154846191,14049,2.9087069034576416,0.5020408630371094,
,,,,,,6.05855655670166,2.4349367896899584e+16,,178,,1.0898494720458984,14099,1.5678373575210571,0.5821118354797363,
,,,,,,,,2.4349367896899584e+16,178,,,14099,,,0.9377161860466003
,,,,,,,2.443571391941837e+16,,179,,,14149,3.3313422203063965,0.6614294052124023,
0.23226921260356903,20.511608123779297,0.31902241706848145,3.712827444076538,0.08592438697814941,4.305348873138428,5.984863758087158,2.452205994193715e+16,,179,,1.0765931606292725,14199,1.3374323844909668,0.5286393165588379,
,,,,,,,,2.452205994193715e+16,179,,,14199,,,1.017029881477356
,,,,,,6.187881946563721,2.460840381697229e+16,,180,,1.113113284111023,14249,4.716538906097412,0.6808638572692871,
,,,,,,,2.469474983949107e+16,,181,,,14299,3.336806535720825,0.5512881278991699,
,,,,,,,,2.469474983949107e+16,181,,,14299,,,0.9953433275222778
0.2388485074043274,15.842076301574707,0.3090934753417969,3.6072521209716797,0.08568668365478516,4.18675422668457,12.885591506958008,2.4781095862009856e+16,,181,,2.3179376125335693,14349,1.0197477340698242,0.624178409576416,
,,,,,,7.480319499969482,2.486743973704499e+16,,182,,1.3456047773361206,14399,1.2363719940185547,0.5389804840087891,
,,,,,,,,2.486743973704499e+16,182,,,14399,,,1.0216699838638306
0.23855902254581451,18.275102615356445,0.3757765293121338,4.416958808898926,0.08507585525512695,4.191834449768066,22.94539451599121,2.4953785759563776e+16,,182,,4.127554893493652,14449,0.874339759349823,0.5307540893554688,
,,,,,,4.898199558258057,2.504013178208256e+16,,183,,0.8811175227165222,14499,1.5349798202514648,0.5856175422668457,
,,,,,,,,2.504013178208256e+16,183,,,14499,,,1.0856342315673828
,,,,,,6.082066059112549,2.5126475657117696e+16,,184,,0.6527383923530579,14549,4.343805313110352,0.646303653717041,
0.23416055738925934,22.31478500366211,0.3935356140136719,4.573993682861328,0.08603763580322266,4.27057409286499,5.6330885887146,2.521282167963648e+16,,184,,1.0133137702941895,14599,1.0319108963012695,0.5043239593505859,
,,,,,,,,2.521282167963648e+16,184,,,14599,,,0.9939073920249939
,,,,,,5.029174327850342,2.5299167702155264e+16,,185,,0.9046780467033386,14649,1.7095189094543457,0.5509738922119141,
,,,,,,,2.53855115771904e+16,,186,,,14699,7.448597431182861,0.679354190826416,
,,,,,,,,2.53855115771904e+16,186,,,14699,,,1.0378328561782837
0.23113898932933807,16.28426742553711,0.3426172733306885,4.014226913452148,0.08535075187683105,4.326401233673096,50.120567321777344,2.5471857599709184e+16,,186,,9.01598834991455,14749,3.4128925800323486,0.5021262168884277,
,,,,,,7.27589225769043,2.555820362222797e+16,,187,,1.3088310956954956,14799,6.292265892028809,0.5760822296142578,
,,,,,,,,2.555820362222797e+16,187,,,14799,,,1.1409964561462402
0.23200282454490662,21.61614227294922,0.3857579231262207,4.495242118835449,0.0858147144317627,4.3102922439575195,66.86988067626953,2.5644547497263104e+16,,187,,12.028956413269043,14849,0.500421941280365,0.4652400016784668,
,,,,,,5.704302787780762,2.573089351978189e+16,,188,,1.026124119758606,14899,2.5346062183380127,0.5081472396850586,
,,,,,,,,2.573089351978189e+16,188,,,14899,,,1.106323003768921
,,,,,,6.0579729080200195,2.581723954230067e+16,,189,,0.6501526832580566,14949,3.431419849395752,0.49210262298583984,
0.23440289497375488,21.951845169067383,0.4102041721343994,4.735396385192871,0.0866250991821289,4.2661590576171875,6.227233409881592,2.590358341733581e+16,,189,,1.120192050933838,14999,0.9066488742828369,0.4956016540527344,
,,,,,,,,2.590358341733581e+16,189,,,14999,,,1.1363525390625
,,,,,,5.82293701171875,2.598992943985459e+16,,190,,1.0474648475646973,15049,9.0559663772583,0.674407958984375,
,,,,,,5.23172664642334,2.6076275462373376e+16,,191,,0.5614783763885498,15099,0.968018114566803,0.5845680236816406,
,,,,,,,,2.6076275462373376e+16,191,,,15099,,,1.1470673084259033
0.23245732486248016,15.251545906066895,0.3110160827636719,3.612351655960083,0.08609795570373535,4.301865100860596,10.664569854736328,2.616261933740851e+16,,191,,1.9184067249298096,15149,2.8251137733459473,0.776031494140625,
,,,,,,6.745608329772949,2.6248965359927296e+16,,192,,1.2134404182434082,15199,5.324247360229492,0.6038246154785156,
,,,,,,,,2.6248965359927296e+16,192,,,15199,,,1.107391595840454
,,,,,,,2.633530923496243e+16,,193,,,15249,2.175443172454834,0.5793576240539551,
0.23806053400039673,22.920207977294922,0.4347214698791504,5.053557872772217,0.08602285385131836,4.200612545013428,6.1259565353393555,2.6421655257481216e+16,,193,,1.1019737720489502,15299,1.456155776977539,0.4951925277709961,
,,,,,,,,2.6421655257481216e+16,193,,,15299,,,0.9336528778076172
,,,,,,6.451300144195557,2.650800128e+16,,194,,1.1604986190795898,15349,1.4010850191116333,0.8214302062988281,
0.23277336359024048,20.98540687561035,0.3432338237762451,4.074373722076416,0.08424210548400879,4.296023845672607,50.298667907714844,2.6594345155035136e+16,,194,,9.048026084899902,15399,8.429971694946289,0.618168830871582,
,,,,,,,,2.6594345155035136e+16,194,,,15399,,,0.9852316379547119
,,,,,,5.695202350616455,2.668069117755392e+16,,195,,1.0244871377944946,15449,1.77104914188385,1.134164810180664,
,,,,,,5.5855841636657715,2.6767037200072704e+16,,196,,0.5994550585746765,15499,3.250164747238159,0.5513710975646973,
,,,,,,,,2.6767037200072704e+16,196,,,15499,,,1.0119688510894775
0.24841760098934174,17.01364517211914,0.3442060947418213,3.9883997440338135,0.08630180358886719,4.025479793548584,46.153968811035156,2.685338107510784e+16,,196,,8.30245304107666,15549,1.9398099184036255,0.525787353515625,
,,,,,,5.897360801696777,2.6939727097626624e+16,,197,,1.0608526468276978,15599,5.689502716064453,0.6529250144958496,
,,,,,,,,2.6939727097626624e+16,197,,,15599,,,0.9597929120063782
,,,,,,,2.702607312014541e+16,,198,,,15649,1.7841060161590576,0.5646228790283203,
0.23494292795658112,22.550508499145508,0.35440659523010254,4.197449684143066,0.08443379402160645,4.25635290145874,6.089224815368652,2.7112416995180544e+16,,198,,1.0953662395477295,15699,1.4618093967437744,0.5084805488586426,
,,,,,,,,2.7112416995180544e+16,198,,,15699,,,0.9808496236801147
,,,,,,6.061237335205078,2.719876301769933e+16,,199,,1.090331792831421,15749,2.435617446899414,0.5678324699401855,
0.24398964643478394,20.740650177001953,0.3540794849395752,4.169229507446289,0.08492684364318848,4.09853458404541,36.502803802490234,2.728510904021811e+16,,199,,6.566343307495117,15799,0.6699037551879883,0.4148319661617279,
,,,,,,,,2.728510904021811e+16,199,,,15799,,,1.0373574495315552
,,,,,,5.667326927185059,2.737145291525325e+16,,200,,1.0194728374481201,15849,1.9360815286636353,1.0767922401428223,
,,,,,,6.120579242706299,2.745779893777203e+16,,201,,1.1010065078735352,15899,3.886598825454712,0.4899287223815918,
,,,,,,,,2.745779893777203e+16,201,,,15899,,,0.9992596507072449
0.23147453367710114,17.537565231323242,0.33774566650390625,3.859914779663086,0.08750081062316895,4.320129871368408,13.99992847442627,2.7544144960290816e+16,,201,,2.5183911323547363,15949,0.9244609475135803,0.5421080589294434,
,,,,,,6.688755035400391,2.763048883532595e+16,,202,,1.2032133340835571,15999,6.611196994781494,0.5832443237304688,
,,,,,,,,2.763048883532595e+16,202,,,15999,,,1.0193119049072266
,,,,,,5.982174396514893,2.7716834857844736e+16,,203,,0.6420178413391113,16049,4.655859470367432,0.6701722145080566,
0.23343487083911896,21.774873733520508,0.35688018798828125,4.2106709480285645,0.08475613594055176,4.283850193023682,7.015544414520264,2.780318088036352e+16,,203,,1.261998176574707,16099,6.568203449249268,0.6280860900878906,
,,,,,,,,2.780318088036352e+16,203,,,16099,,,0.9955779910087585
,,,,,,5.59049129486084,2.7889524755398656e+16,,204,,1.0056511163711548,16149,4.030515193939209,0.5501222610473633,
,,,,,,,2.797587077791744e+16,,205,,,16199,1.3964053392410278,0.5731759071350098,
,,,,,,,,2.797587077791744e+16,205,,,16199,,,0.9875836372375488
0.23376740515232086,16.15668296813965,0.3865530490875244,4.539340972900391,0.08515620231628418,4.277756214141846,50.51081085205078,2.8062216800436224e+16,,205,,9.086187362670898,16249,3.8265347480773926,0.49112844467163086,
,,,,,,5.813953876495361,2.814856067547136e+16,,206,,1.0458488464355469,16299,3.184875965118408,0.49409914016723633,
,,,,,,,,2.814856067547136e+16,206,,,16299,,,0.9628096222877502
0.23325203359127045,21.115697860717773,0.3830578327178955,4.456374168395996,0.08595728874206543,4.287208080291748,67.2149658203125,2.8234906697990144e+16,,206,,12.091031074523926,16349,3.3936634063720703,0.5593280792236328,
,,,,,,6.228113174438477,2.832125272050893e+16,,207,,1.1203503608703613,16399,2.149186849594116,0.5307092666625977,
,,,,,,,,2.832125272050893e+16,207,,,16399,,,1.0531203746795654
,,,,,,6.186036109924316,2.8407596595544064e+16,,208,,0.6638966202735901,16449,1.0758893489837646,0.5088319778442383,
0.2317742556333542,22.10896873474121,0.36600446701049805,4.275293827056885,0.08560919761657715,4.3145432472229,5.303094387054443,2.849394261806285e+16,,208,,0.9539524912834167,16499,2.930558681488037,0.4842219352722168,
,,,,,,,,2.849394261806285e+16,208,,,16499,,,1.038613200187683
,,,,,,6.0698137283325195,2.8580286493097984e+16,,209,,1.0918744802474976,16549,1.2708618640899658,0.5250649452209473,
,,,,,,,2.866663251561677e+16,,210,,,16599,1.796340823173523,0.48509693145751953,
,,,,,,,,2.866663251561677e+16,210,,,16599,,,1.0257055759429932
0.2371835559606552,16.396034240722656,0.36264729499816895,4.279653549194336,0.08473753929138184,4.21614408493042,47.37999725341797,2.875297853813555e+16,,210,,8.522998809814453,16649,2.778963565826416,0.5988497734069824,
,,,,,,5.307133197784424,2.883932241317069e+16,,211,,0.954679012298584,16699,2.440732479095459,0.49587011337280273,
,,,,,,,,2.883932241317069e+16,211,,,16699,,,1.0802512168884277
,,,,,,,2.892566843568947e+16,,212,,,16749,1.7454726696014404,0.5200471878051758,
0.23561012744903564,22.170473098754883,0.3608283996582031,4.2640910148620605,0.08462023735046387,4.24429988861084,7.432619094848633,2.9012014458208256e+16,,212,,1.3370240926742554,16799,1.508711338043213,0.5684700012207031,
,,,,,,,,2.9012014458208256e+16,212,,,16799,,,0.9956353902816772
,,,,,,6.451887130737305,2.909835833324339e+16,,213,,1.1606042385101318,16849,4.90131139755249,0.6559486389160156,
0.23355983197689056,21.69211769104004,0.3712270259857178,4.305875301361084,0.08621406555175781,4.281558036804199,39.52998733520508,2.9184704355762176e+16,,213,,7.110890865325928,16899,4.067992210388184,0.4788198471069336,
,,,,,,,,2.9184704355762176e+16,213,,,16899,,,1.0632846355438232
,,,,,,6.4161577224731445,2.927105037828096e+16,,214,,1.154176950454712,16949,1.3428397178649902,0.49695491790771484,
,,,,,,5.5382561683654785,2.9357394253316096e+16,,215,,0.594375729560852,16999,1.082452416419983,0.4866161346435547,
,,,,,,,,2.9357394253316096e+16,215,,,16999,,,0.9899503588676453
0.23522795736789703,16.7016544342041,0.37271952629089355,4.249515533447266,0.08770871162414551,4.251195430755615,49.18584442138672,2.944374027583488e+16,,215,,8.847844123840332,17049,1.0849615335464478,0.6115403175354004,
,,,,,,6.123663902282715,2.9530086298353664e+16,,216,,1.101561427116394,17099,2.0142264366149902,0.535027027130127,
,,,,,,,,2.9530086298353664e+16,216,,,17099,,,0.956450879573822
,,,,,,,2.96164301733888e+16,,217,,,17149,1.0355818271636963,0.47742557525634766,
0.23159565031528473,21.73301887512207,0.3852105140686035,4.4929327964782715,0.08573698997497559,4.317870616912842,9.5396728515625,2.9702776195907584e+16,,217,,1.7160534858703613,17199,0.7244752049446106,0.48856019973754883,
,,,,,,,,2.9702776195907584e+16,217,,,17199,,,1.0142319202423096
,,,,,,6.826363563537598,2.978912221842637e+16,,218,,1.2279672622680664,17249,6.518326282501221,0.5697164535522461,
0.24066776037216187,21.21881675720215,0.4241950511932373,4.996736526489258,0.08489441871643066,4.155106067657471,15.817206382751465,2.9875466093461504e+16,,218,,2.8452939987182617,17299,3.1739532947540283,0.5927867889404297,
,,,,,,,,2.9875466093461504e+16,218,,,17299,,,1.018945336341858
,,,,,,5.216824054718018,2.996181211598029e+16,,219,,0.9384336471557617,17349,2.5657153129577637,0.5546402931213379,
,,,,,,5.5902791023254395,3.004815813849907e+16,,220,,0.5999588966369629,17399,2.002284049987793,0.6413478851318359,
,,,,,,,,3.004815813849907e+16,220,,,17399,,,1.003994107246399
0.2354092299938202,16.367996215820312,0.34654664993286133,4.0380659103393555,0.08581995964050293,4.247921943664551,47.45839309692383,3.013450201353421e+16,,220,,8.537100791931152,17449,4.4233245849609375,0.5165677070617676,
,,,,,,5.561336994171143,3.022084803605299e+16,,221,,1.0004066228866577,17499,2.448051929473877,0.49217748641967773,
,,,,,,,,3.022084803605299e+16,221,,,17499,,,0.9783151149749756
,,,,,,6.049891948699951,3.0307194058571776e+16,,222,,0.6492853760719299,17549,0.9457981586456299,0.495668888092041,
0.22954219579696655,21.48969078063965,0.3547966480255127,4.107585906982422,0.08637595176696777,4.356497764587402,6.833892345428467,3.039353793360691e+16,,222,,1.2293215990066528,17599,3.375377655029297,0.5476713180541992,
,,,,,,,,3.039353793360691e+16,222,,,17599,,,0.993861198425293
,,,,,,5.429609298706055,3.0479883956125696e+16,,223,,0.9767107367515564,17649,2.937849760055542,0.47374677658081055,
,,,,,,,3.056622997864448e+16,,224,,,17699,0.9901799559593201,0.5203866958618164,
,,,,,,,,3.056622997864448e+16,224,,,17699,,,0.9850059151649475
0.23682360351085663,15.609890937805176,0.32918334007263184,3.865478992462158,0.0851597785949707,4.222552299499512,47.939876556396484,3.0652573853679616e+16,,224,,8.623712539672852,17749,0.6384011507034302,0.6319875717163086,
,,,,,,5.509642601013184,3.07389198761984e+16,,225,,0.9911075830459595,17799,2.7747950553894043,0.5300178527832031,
,,,,,,,,3.07389198761984e+16,225,,,17799,,,0.9744592308998108
0.24217306077480316,21.358579635620117,0.3562774658203125,3.9159440994262695,0.09098124504089355,4.129278659820557,63.905029296875,3.0825263751233536e+16,,225,,11.495619773864746,17849,1.7424418926239014,0.43845176696777344,
,,,,,,5.713940620422363,3.091160977375232e+16,,226,,1.0278578996658325,17899,1.8748310804367065,0.5445632934570312,
,,,,,,,,3.091160977375232e+16,226,,,17899,,,1.0956768989562988
,,,,,,6.178465366363525,3.0997955796271104e+16,,227,,0.6630841493606567,17949,2.745426654815674,0.46793270111083984,
0.22869709134101868,20.55463218688965,0.35027408599853516,4.123263835906982,0.08495068550109863,4.37259578704834,8.938329696655273,3.108429967130624e+16,,227,,1.6078803539276123,17999,2.037838935852051,0.4594545364379883,
,,,,,,,,3.108429967130624e+16,227,,,17999,,,1.0467970371246338
,,,,,,6.0560302734375,3.1170645693825024e+16,,228,,1.0893950462341309,18049,2.2359602451324463,0.5564093589782715,
,,,,,,,3.125699171634381e+16,,229,,,18099,4.069482803344727,0.6098594665527344,
,,,,,,,,3.125699171634381e+16,229,,,18099,,,1.0143980979919434
0.23686687648296356,16.86061668395996,0.3716459274291992,4.326816082000732,0.08589363098144531,4.221780776977539,48.66135025024414,3.1343335591378944e+16,,229,,8.753496170043945,18149,5.306288719177246,0.563535213470459,
,,,,,,6.423896312713623,3.142968161389773e+16,,230,,1.155569076538086,18199,2.188380479812622,0.647465705871582,
,,,,,,,,3.142968161389773e+16,230,,,18199,,,1.0653456449508667
,,,,,,,3.151602763641651e+16,,231,,,18249,3.2325384616851807,0.5188589096069336,
0.23520280420780182,22.532012939453125,0.3643217086791992,4.264104843139648,0.08543920516967773,4.251649856567383,5.814605236053467,3.160237151145165e+16,,231,,1.0459660291671753,18299,3.5699400901794434,0.5862455368041992,
,,,,,,,,3.160237151145165e+16,231,,,18299,,,1.0573710203170776
,,,,,,6.402237892150879,3.168871753397043e+16,,232,,1.1516729593276978,18349,1.5284879207611084,0.5094280242919922,
0.24185356497764587,24.99976348876953,0.3886868953704834,4.534866809844971,0.08571076393127441,4.134733200073242,8.349781036376953,3.1775063556489216e+16,,232,,1.5020086765289307,18399,5.623937606811523,0.5484147071838379,
,,,,,,,,3.1775063556489216e+16,232,,,18399,,,1.0211482048034668
,,,,,,5.66372537612915,3.186140743152435e+16,,233,,1.018824815750122,18449,1.2773104906082153,0.5443792343139648,
,,,,,,5.52101469039917,3.1947753454043136e+16,,234,,0.5925253033638,18499,3.7890102863311768,0.5951356887817383,
,,,,,,,,3.1947753454043136e+16,234,,,18499,,,1.0585061311721802
0.24547789990901947,18.114473342895508,0.35091495513916016,4.0677666664123535,0.08626723289489746,4.073686599731445,45.99869918823242,3.203409947656192e+16,,234,,8.274521827697754,18549,3.6744606494903564,0.48629236221313477,
,,,,,,5.390657901763916,3.2120443351597056e+16,,235,,0.9697038531303406,18599,1.5949310064315796,0.48836278915405273,
,,,,,,,,3.2120443351597056e+16,235,,,18599,,,1.0408281087875366
,,,,,,,3.220678937411584e+16,,236,,,18649,1.69158136844635,0.5076761245727539,
0.2305734008550644,20.009765625,0.32081174850463867,3.712339401245117,0.08641767501831055,4.3370137214660645,6.9731316566467285,3.2293135396634624e+16,,236,,1.254368782043457,18699,1.5827826261520386,0.4539918899536133,
,,,,,,,,3.2293135396634624e+16,236,,,18699,,,0.9484705328941345
,,,,,,5.569489002227783,3.237947927166976e+16,,237,,1.0018730163574219,18749,2.7252283096313477,0.48788022994995117,
0.2416359931230545,20.963825225830078,0.3639404773712158,4.3279876708984375,0.08408999443054199,4.138456344604492,24.418155670166016,3.2465825294188544e+16,,237,,4.392484664916992,18799,3.1888058185577393,0.45839500427246094,
,,,,,,,,3.2465825294188544e+16,237,,,18799,,,0.9876877665519714
,,,,,,5.398133277893066,3.255217131670733e+16,,238,,0.9710485935211182,18849,1.3971211910247803,0.43885183334350586,
,,,,,,5.413208484649658,3.2638515191742464e+16,,239,,0.5809553265571594,18899,3.3565895557403564,0.45191001892089844,
,,,,,,,,3.2638515191742464e+16,239,,,18899,,,0.9908663034439087
0.23758015036582947,17.29583168029785,0.3499948978424072,4.143070220947266,0.08447718620300293,4.209105968475342,46.04621505737305,3.272486121426125e+16,,239,,8.283069610595703,18949,5.6739606857299805,0.5335426330566406,
,,,,,,5.882350444793701,3.281120723678003e+16,,240,,1.058152437210083,18999,0.8463588356971741,0.45578670501708984,
,,,,,,,,3.281120723678003e+16,240,,,18999,,,0.958419680595398
,,,,,,6.501044273376465,3.289755111181517e+16,,241,,0.6977038979530334,19049,2.6420843601226807,0.5668807029724121,
0.24063369631767273,23.10938835144043,0.35452818870544434,4.141573905944824,0.0856022834777832,4.155694007873535,6.488105773925781,3.298389713433395e+16,,241,,1.1671193838119507,19099,2.3805198669433594,0.5556960105895996,
,,,,,,,,3.298389713433395e+16,241,,,19099,,,0.9592075347900391
,,,,,,6.046316146850586,3.3070243156852736e+16,,242,,1.087647557258606,19149,0.9155504107475281,0.5042691230773926,
,,,,,,,3.315658703188787e+16,,243,,,19199,10.97911548614502,0.7291378974914551,
,,,,,,,,3.315658703188787e+16,243,,,19199,,,1.0704723596572876
0.23718364536762238,14.963879585266113,0.3061032295227051,3.424482822418213,0.0893867015838623,4.216142177581787,46.68608856201172,3.3242933054406656e+16,,243,,8.398174285888672,19249,1.9508930444717407,0.45375823974609375,
,,,,,,6.407190322875977,3.332927692944179e+16,,244,,1.1525638103485107,19299,0.8527690172195435,0.7149934768676758,
,,,,,,,,3.332927692944179e+16,244,,,19299,,,0.9955193996429443
0.2392083704471588,19.01553726196289,0.34913063049316406,4.084993839263916,0.08546662330627441,4.180455684661865,68.0386734008789,3.3415622951960576e+16,,244,,12.239204406738281,19349,8.8076171875,0.575007438659668,
,,,,,,5.5369110107421875,3.350196897447936e+16,,245,,0.9960127472877502,19399,0.9020909667015076,1.0459632873535156,
,,,,,,,,3.350196897447936e+16,245,,,19399,,,1.0625492334365845
,,,,,,5.827652931213379,3.3588312849514496e+16,,246,,0.6254342794418335,19449,2.3149261474609375,0.5179224014282227,
0.234038844704628,21.513423919677734,0.3644835948944092,4.281447410583496,0.08513092994689941,4.2727952003479,5.965424537658691,3.367465887203328e+16,,246,,1.0730963945388794,19499,0.6653030514717102,0.48555803298950195,
,,,,,,,,3.367465887203328e+16,246,,,19499,,,1.189233660697937
,,,,,,5.8580217361450195,3.3761004894552064e+16,,247,,1.0537760257720947,19549,2.5449202060699463,0.5825591087341309,
,,,,,,,3.38473487695872e+16,,248,,,19599,15.941497802734375,0.9719223976135254,
,,,,,,,,3.38473487695872e+16,248,,,19599,,,0.9757336378097534
0.2403108775615692,14.96623420715332,0.3526275157928467,4.1584014892578125,0.08479881286621094,4.161276340484619,45.845272064208984,3.3933694792105984e+16,,248,,8.246922492980957,19649,1.1222670078277588,0.4886350631713867,
,,,,,,5.712549209594727,3.402004081462477e+16,,249,,1.0276075601577759,19699,1.396278977394104,0.529076099395752,
,,,,,,,,3.402004081462477e+16,249,,,19699,,,0.9791539311408997
0.23114541172981262,22.088394165039062,0.36571335792541504,4.274500370025635,0.0855569839477539,4.3262810707092285,69.72119140625,3.4106384689659904e+16,,249,,12.541866302490234,19749,10.211009979248047,0.5966982245445251,
,,,,,,6.130275249481201,3.419273071217869e+16,,250,,1.1027506589889526,19799,2.0387015342712402,0.9031658172607422,
,,,,,,,,3.419273071217869e+16,250,,,19799,,,1.0163363218307495
,,,,,,6.570856094360352,3.427907673469747e+16,,251,,1.1820050477981567,19849,8.805303573608398,0.5961594581604004,
0.2315702736377716,21.183813095092773,0.37133216857910156,4.333580017089844,0.08568716049194336,4.318343639373779,53.6558952331543,3.436542060973261e+16,,251,,9.651944160461426,19899,1.367151141166687,0.5439238548278809,
,,,,,,,,3.436542060973261e+16,251,,,19899,,,1.1080853939056396
,,,,,,5.779727458953857,3.445176663225139e+16,,252,,1.0396920442581177,19949,0.9779559969902039,0.4774208068847656,
,,,,,,5.25780725479126,3.4538112654770176e+16,,253,,0.5642774105072021,19999,7.209214210510254,0.6948237419128418,
,,,,,,,,3.4538112654770176e+16,253,,,19999,,,0.9913495779037476
0.2458435297012329,17.15627670288086,0.36780548095703125,4.317457675933838,0.0851902961730957,4.067627906799316,46.229408264160156,3.462445652980531e+16,,253,,8.316022872924805,20049,3.5889928340911865,0.5086550712585449,
,,,,,,5.68524694442749,3.4710802552324096e+16,,254,,1.0226963758468628,20099,3.836660861968994,0.5014634132385254,
,,,,,,,,3.4710802552324096e+16,254,,,20099,,,1.0366612672805786
,,,,,,,3.479714857484288e+16,,255,,,20149,1.6611217260360718,0.5617218017578125,
0.23034550249576569,20.289161682128906,0.3406040668487549,3.944471836090088,0.0863497257232666,4.341304779052734,5.559933185577393,3.4883492449878016e+16,,255,,1.0001541376113892,20199,6.620416641235352,0.5362029075622559,
,,,,,,,,3.4883492449878016e+16,255,,,20199,,,1.403741478919983
,,,,,,5.967933177947998,3.49698384723968e+16,,256,,1.073547601699829,20249,0.7539296746253967,0.4363117218017578,
0.24329301714897156,22.8613338470459,0.38973307609558105,4.566967010498047,0.08533740043640137,4.110270023345947,39.59500503540039,3.5056184494915584e+16,,256,,7.122586727142334,20299,1.382948637008667,0.5191836357116699,
,,,,,,,,3.5056184494915584e+16,256,,,20299,,,0.9753890037536621
,,,,,,5.184208869934082,3.514252836995072e+16,,257,,0.9325665831565857,20349,2.1563880443573,0.4994964599609375,
,,,,,,5.1251444816589355,3.5228874392469504e+16,,258,,0.5500398278236389,20399,4.035804748535156,0.513495922088623,
,,,,,,,,3.5228874392469504e+16,258,,,20399,,,0.9626989960670471
0.24009086191654205,18.231985092163086,0.4099404811859131,4.836433410644531,0.08476090431213379,4.1650896072387695,46.51087188720703,3.531522041498829e+16,,258,,8.366654396057129,20449,5.408853054046631,0.5102849006652832,
,,,,,,6.180236339569092,3.5401564290023424e+16,,259,,1.1117379665374756,20499,1.2159579992294312,0.4606757164001465,
,,,,,,,,3.5401564290023424e+16,259,,,20499,,,0.9437569975852966
,,,,,,,3.548791031254221e+16,,260,,,20549,0.8581656217575073,0.4752011299133301,
0.23020096123218536,21.332134246826172,0.37990832328796387,4.444487571716309,0.08547854423522949,4.344030380249023,6.052346706390381,3.5574254187577344e+16,,260,,1.088732361793518,20599,0.9061301946640015,0.5482907295227051,
,,,,,,,,3.5574254187577344e+16,260,,,20599,,,0.9971988797187805
,,,,,,6.330730438232422,3.566060021009613e+16,,261,,1.1388098001480103,20649,3.8063623905181885,0.47853660583496094,
,,,,,,,3.574694623261491e+16,,262,,,20699,1.1766841411590576,0.5488791465759277,
,,,,,,,,3.574694623261491e+16,262,,,20699,,,0.9985532760620117
0.23575076460838318,14.40736198425293,0.3403298854827881,3.8551828861236572,0.08827853202819824,4.241767883300781,9.932684898376465,3.583329010765005e+16,,262,,1.7867510318756104,20749,3.780514717102051,0.5339603424072266,
,,,,,,6.547993183135986,3.591963613016883e+16,,263,,1.1778923273086548,20799,2.0150554180145264,0.5574712753295898,
,,,,,,,,3.591963613016883e+16,263,,,20799,,,0.9578307867050171
0.2350005805492401,20.02862548828125,0.35950565338134766,4.172087669372559,0.08616924285888672,4.255308628082275,58.59151077270508,3.6005982152687616e+16,,263,,10.53979206085205,20849,8.031620025634766,0.5888338088989258,
,,,,,,5.687483310699463,3.60923281752064e+16,,264,,1.0230985879898071,20899,1.945298433303833,0.4542412757873535,
,,,,,,,,3.60923281752064e+16,264,,,20899,,,0.9982001781463623
,,,,,,6.510898590087891,3.617867419772518e+16,,265,,0.6987614631652832,20949,1.7119288444519043,0.4640774726867676,
0.23610776662826538,22.43520164489746,0.4033641815185547,4.723729133605957,0.08539104461669922,4.235353946685791,9.365424156188965,3.626501592527667e+16,,265,,1.6847087144851685,20999,0.5944320559501648,0.5532808303833008,
,,,,,,,,3.626501592527667e+16,265,,,20999,,,1.106094241142273
,,,,,,5.124745845794678,3.635136194779546e+16,,266,,0.9218699932098389,21049,3.596622943878174,0.5021567344665527,
,,,,,,,3.643770797031424e+16,,267,,,21099,3.2286202907562256,0.4712638854980469,
,,,,,,,,3.643770797031424e+16,267,,,21099,,,1.0075007677078247
0.2372276484966278,16.102584838867188,0.3353261947631836,3.9251835346221924,0.08542943000793457,4.215360164642334,46.3297119140625,3.652405399283302e+16,,267,,8.334066390991211,21149,2.7093021869659424,0.47763490676879883,
,,,,,,6.776790618896484,3.661040001535181e+16,,268,,1.2190498113632202,21199,3.343843698501587,0.4876575469970703,
,,,,,,,,3.661040001535181e+16,268,,,21199,,,1.059567928314209
0.23127853870391846,20.865318298339844,0.3461179733276367,4.065497398376465,0.08513545989990234,4.323790550231934,69.45223999023438,3.66967417429033e+16,,268,,12.493485450744629,21249,2.6800575256347656,0.5223116874694824,
,,,,,,6.111754894256592,3.678308776542208e+16,,269,,1.099419116973877,21299,1.155836582183838,0.49498701095581055,
,,,,,,,,3.678308776542208e+16,269,,,21299,,,1.0000629425048828
,,,,,,6.020657062530518,3.686943378794086e+16,,270,,0.6461478471755981,21349,1.3569802045822144,0.6136174201965332,
0.23250168561935425,20.737897872924805,0.35681581497192383,4.130176067352295,0.08639240264892578,4.30104398727417,6.395994186401367,3.695577981045965e+16,,270,,1.1505497694015503,21399,3.466264247894287,0.45599889755249023,
,,,,,,,,3.695577981045965e+16,270,,,21399,,,1.2676728963851929
,,,,,,5.342279434204102,3.704212583297843e+16,,271,,0.9610012769699097,21449,1.3396247625350952,0.44580841064453125,
,,,,,,5.206748008728027,3.712847185549722e+16,,272,,0.5587976574897766,21499,6.011922359466553,0.5486888885498047,
,,,,,,,,3.712847185549722e+16,272,,,21499,,,1.0609052181243896
0.23863562941551208,16.42337989807129,0.3930513858795166,4.556773662567139,0.08625650405883789,4.190489292144775,12.719746589660645,3.72148135830487e+16,,272,,2.288104295730591,21549,2.7730371952056885,0.49412965774536133,
,,,,,,6.081583499908447,3.730115960556749e+16,,273,,1.093991756439209,21599,5.239491939544678,0.4769883155822754,
,,,,,,,,3.730115960556749e+16,273,,,21599,,,1.0454882383346558
,,,,,,,3.738750562808627e+16,,274,,,21649,1.7242944240570068,0.49021196365356445,
0.22681675851345062,19.809892654418945,0.37034034729003906,4.304017543792725,0.0860452651977539,4.408844947814941,4.947897911071777,3.747385165060506e+16,,274,,0.8900575637817383,21699,1.4138939380645752,0.6222977638244629,
,,,,,,,,3.747385165060506e+16,274,,,21699,,,1.3380720615386963
,,,,,,6.691410064697266,3.756019767312384e+16,,275,,1.203691005706787,21749,4.165700435638428,0.5526103973388672,
0.23594887554645538,21.17793083190918,0.3546781539916992,4.104469299316406,0.08641266822814941,4.238205909729004,30.755720138549805,3.764654369564262e+16,,275,,5.5325236320495605,21799,0.7088784575462341,0.41082143783569336,
,,,,,,,,3.764654369564262e+16,275,,,21799,,,1.0169001817703247
,,,,,,5.727118968963623,3.773288542319411e+16,,276,,1.0302284955978394,21849,2.0649077892303467,0.5151596069335938,
,,,,,,5.363934516906738,3.78192314457129e+16,,277,,0.5756672024726868,21899,2.3253796100616455,0.4274563789367676,
,,,,,,,,3.78192314457129e+16,277,,,21899,,,0.9083926677703857
0.23060071468353271,15.924904823303223,0.37621212005615234,4.385430335998535,0.08578681945800781,4.33650016784668,48.956214904785156,3.790557746823168e+16,,277,,8.806537628173828,21949,4.694633960723877,0.46286821365356445,
,,,,,,5.769619464874268,3.799192349075046e+16,,278,,1.0378737449645996,21999,2.934361219406128,0.4876894950866699,
,,,,,,,,3.799192349075046e+16,278,,,21999,,,0.9234206080436707
,,,,,,,3.807826951326925e+16,,279,,,22049,1.045146107673645,0.5448369979858398,
0.235604390501976,22.547941207885742,0.3787822723388672,4.443932056427002,0.0852358341217041,4.244402885437012,5.957379341125488,3.816461553578803e+16,,279,,1.071649193763733,22099,1.021748661994934,0.4465794563293457,
,,,,,,,,3.816461553578803e+16,279,,,22099,,,1.0179250240325928
,,,,,,5.78449821472168,3.825095726333952e+16,,280,,1.0405502319335938,22149,1.0094244480133057,0.5570864677429199,
,,,,,,,3.83373032858583e+16,,281,,,22199,3.0101890563964844,0.4611544609069824,
,,,,,,,,3.83373032858583e+16,281,,,22199,,,0.9434146285057068
0.2316461056470871,13.680379867553711,0.3130655288696289,3.6403286457061768,0.0859992504119873,4.316929817199707,13.189167022705078,3.842364930837709e+16,,281,,2.372546434402466,22249,3.6214635372161865,0.5453042984008789,
,,,,,,6.191124439239502,3.850999533089587e+16,,282,,1.113696575164795,22299,1.5100510120391846,0.4749603271484375,
,,,,,,,,3.850999533089587e+16,282,,,22299,,,0.9866945147514343
0.23403549194335938,15.930815696716309,0.330524206161499,3.882561445236206,0.08513045310974121,4.27285623550415,18.7991886138916,3.859634135341466e+16,,282,,3.381711006164551,22349,2.5077428817749023,0.4398002624511719,
,,,,,,5.638561725616455,3.868268737593344e+16,,283,,1.0142983198165894,22399,3.5322670936584473,0.5231070518493652,
,,,,,,,,3.868268737593344e+16,283,,,22399,,,1.2861449718475342
,,,,,,5.995650291442871,3.876902910348493e+16,,284,,0.6434640288352966,22449,2.6289844512939453,0.522301197052002,
0.2289157509803772,20.884986877441406,0.3483917713165283,4.040170669555664,0.08623194694519043,4.368419647216797,6.107784748077393,3.885537512600371e+16,,284,,1.0987049341201782,22499,5.487969875335693,0.4976825714111328,
,,,,,,,,3.885537512600371e+16,284,,,22499,,,0.9986995458602905
,,,,,,5.952596664428711,3.89417211485225e+16,,285,,1.0707887411117554,22549,0.802239716053009,0.4234795570373535,
,,,,,,,3.902806717104128e+16,,286,,,22599,4.161985397338867,0.5178623199462891,
,,,,,,,,3.902806717104128e+16,286,,,22599,,,1.0101324319839478
0.2347819060087204,15.5403470993042,0.3395087718963623,4.020869731903076,0.08443665504455566,4.25927209854126,47.319786071777344,3.911441319356006e+16,,286,,8.512166976928711,22649,1.787291407585144,0.4574770927429199,
,,,,,,6.954575538635254,3.920075492111155e+16,,287,,1.2510308027267456,22699,2.1635875701904297,0.4985666275024414,
,,,,,,,,3.920075492111155e+16,287,,,22699,,,0.9422363042831421
0.23396001756191254,22.0267391204834,0.36298108100891113,4.245830535888672,0.08549118041992188,4.274234771728516,67.96781158447266,3.928710094363034e+16,,287,,12.226458549499512,22749,4.028033256530762,0.43825626373291016,
,,,,,,5.442316055297852,3.937344696614912e+16,,288,,0.9789964556694031,22799,3.358543634414673,0.4441075325012207,
,,,,,,,,3.937344696614912e+16,288,,,22799,,,0.9853537082672119
,,,,,,6.408516883850098,3.94597929886679e+16,,289,,0.6877736449241638,22849,2.481261730194092,0.4411907196044922,
0.22765465080738068,19.992733001708984,0.32149362564086914,3.7423248291015625,0.0859074592590332,4.392618179321289,6.884922027587891,3.954613901118669e+16,,289,,1.2385010719299316,22899,1.102953553199768,0.44284486770629883,
,,,,,,,,3.954613901118669e+16,289,,,22899,,,1.0488295555114746
,,,,,,6.259767055511475,3.963248503370547e+16,,290,,1.1260443925857544,22949,3.6495344638824463,0.492978572845459,
,,,,,,5.432075023651123,3.971882676125696e+16,,291,,0.5829801559448242,22999,2.7159416675567627,0.5076131820678711,
,,,,,,,,3.971882676125696e+16,291,,,22999,,,0.9586157202720642
0.24119602143764496,18.08119773864746,0.38965272903442383,4.5534563064575195,0.08557295799255371,4.146005153656006,8.279820442199707,3.980517278377574e+16,,291,,1.4894237518310547,23049,7.779360771179199,0.662111759185791,
,,,,,,5.662325382232666,3.989151880629453e+16,,292,,1.0185730457305908,23099,0.5480895638465881,0.45580244064331055,
,,,,,,,,3.989151880629453e+16,292,,,23099,,,0.9742612838745117
,,,,,,,3.997786482881331e+16,,293,,,23149,1.6833772659301758,0.5175690650939941,
0.23331348598003387,21.628808975219727,0.38071560859680176,4.467114448547363,0.08522629737854004,4.286078929901123,5.517438888549805,4.00642108513321e+16,,293,,0.9925100207328796,23199,1.5084985494613647,0.4469423294067383,
,,,,,,,,4.00642108513321e+16,293,,,23199,,,1.2382707595825195
,,,,,,6.149813175201416,4.015055687385088e+16,,294,,1.1062653064727783,23249,1.7305828332901,0.7023706436157227,
0.23331396281719208,20.641483306884766,0.36106061935424805,4.200139045715332,0.08596396446228027,4.286069869995117,58.88026428222656,4.023689860140237e+16,,294,,10.591734886169434,23299,1.6486175060272217,0.4182119369506836,
,,,,,,,,4.023689860140237e+16,294,,,23299,,,1.088844895362854
,,,,,,5.559792518615723,4.032324462392115e+16,,295,,1.0001288652420044,23349,3.8185930252075195,0.9990284442901611,
,,,,,,5.231703758239746,4.040959064643994e+16,,296,,0.561475932598114,23399,2.0203475952148438,0.4888477325439453,
,,,,,,,,4.040959064643994e+16,296,,,23399,,,0.9674471020698547
0.23622943460941315,16.40096092224121,0.3155398368835449,3.613461494445801,0.08732342720031738,4.233172416687012,45.163787841796875,4.049593666895872e+16,,296,,8.124333381652832,23449,3.257188320159912,0.4879770278930664,
,,,,,,5.407607078552246,4.05822826914775e+16,,297,,0.9727527499198914,23499,5.144721984863281,0.5700321197509766,
,,,,,,,,4.05822826914775e+16,297,,,23499,,,1.0097894668579102
,,,,,,,4.066862871399629e+16,,298,,,23549,1.1678248643875122,0.4950685501098633,
0.2352147251367569,23.055143356323242,0.3562304973602295,4.131804466247559,0.08621668815612793,4.251434326171875,5.442694187164307,4.075497044154778e+16,,298,,0.9790644645690918,23599,0.7351387143135071,0.4686884880065918,
,,,,,,,,4.075497044154778e+16,298,,,23599,,,1.1163116693496704
,,,,,,6.138707160949707,4.084131646406656e+16,,299,,1.1042674779891968,23649,2.2211825847625732,0.5347137451171875,
0.2390192300081253,18.92105484008789,0.3719296455383301,4.366944313049316,0.08516931533813477,4.18376350402832,62.638370513916016,4.092766248658534e+16,,299,,11.267765998840332,23699,3.3934948444366455,0.3733237087726593,
,,,,,,,,4.092766248658534e+16,299,,,23699,,,0.9620477557182312
,,,,,,5.502668857574463,4.101400850910413e+16,,300,,0.9898530840873718,23749,1.7687532901763916,0.785700798034668,
,,,,,,6.756799221038818,4.110035453162291e+16,,301,,1.2154535055160522,23799,0.8492160439491272,0.40348291397094727,
,,,,,,,,4.110035453162291e+16,301,,,23799,,,1.0030906200408936
0.23285342752933502,16.251422882080078,0.3674306869506836,4.240627288818359,0.08664536476135254,4.294547080993652,17.463743209838867,4.11866962591744e+16,,301,,3.1414830684661865,23849,1.077091932296753,0.4977855682373047,
,,,,,,5.627817153930664,4.127304228169318e+16,,302,,1.0123655796051025,23899,1.6626710891723633,0.46184206008911133,
,,,,,,,,4.127304228169318e+16,302,,,23899,,,1.0777816772460938
,,,,,,7.010318756103516,4.135938830421197e+16,,303,,0.7523601055145264,23949,4.418818950653076,0.5971317291259766,
0.24245601892471313,24.270198822021484,0.3833158016204834,4.45927619934082,0.08595919609069824,4.124459266662598,6.2756147384643555,4.144573432673075e+16,,303,,1.1288951635360718,23999,2.6749701499938965,0.4772801399230957,
,,,,,,,,4.144573432673075e+16,303,,,23999,,,0.9760617017745972
,,,,,,6.033880710601807,4.153208034924954e+16,,304,,1.0854105949401855,24049,4.700592517852783,0.5080418586730957,
,,,,,,,4.161842637176832e+16,,305,,,24099,1.6384966373443604,0.5482487678527832,
,,,,,,,,4.161842637176832e+16,305,,,24099,,,0.9548848271369934
0.23990511894226074,17.991479873657227,0.36499524116516113,4.245686054229736,0.0859684944152832,4.168314456939697,45.26747131347656,4.170476809931981e+16,,305,,8.142984390258789,24149,2.3264803886413574,0.4350099563598633,
,,,,,,6.191077709197998,4.179111412183859e+16,,306,,1.1136882305145264,24199,4.419856548309326,0.4678211212158203,
,,,,,,,,4.179111412183859e+16,306,,,24199,,,0.9612804055213928
0.23193511366844177,20.521944046020508,0.35561037063598633,4.154782772064209,0.08559060096740723,4.311550617218018,60.30482864379883,4.187746014435738e+16,,306,,10.847993850708008,24249,3.5078048706054688,0.5287613868713379,
,,,,,,5.905765056610107,4.196380616687616e+16,,307,,1.0623644590377808,24299,3.287473678588867,0.4993453025817871,
,,,,,,,,4.196380616687616e+16,307,,,24299,,,1.2021042108535767
,,,,,,6.17971658706665,4.205015218939494e+16,,308,,0.6632183790206909,24349,3.30456805229187,0.48166990280151367,
0.2355889081954956,21.219654083251953,0.32495951652526855,3.7616958618164062,0.08638644218444824,4.244682312011719,6.186349391937256,4.213649821191373e+16,,308,,1.1128376722335815,24399,3.1586835384368896,0.43430423736572266,
,,,,,,,,4.213649821191373e+16,308,,,24399,,,1.054255723953247
,,,,,,5.930085182189941,4.222283993946522e+16,,309,,1.0667393207550049,24449,4.7010955810546875,0.48797035217285156,
,,,,,,,4.2309185961984e+16,,310,,,24499,2.802135705947876,0.43174171447753906,
,,,,,,,,4.2309185961984e+16,310,,,24499,,,0.970302939414978
0.2403756082057953,16.985727310180664,0.37612366676330566,4.37523078918457,0.08596658706665039,4.160155773162842,46.46483612060547,4.239553198450278e+16,,310,,8.358373641967773,24549,6.785559177398682,0.6353182792663574,
,,,,,,6.377295970916748,4.248187800702157e+16,,311,,1.147186279296875,24599,2.8151371479034424,0.43619537353515625,
,,,,,,,,4.248187800702157e+16,311,,,24599,,,1.0647794008255005
,,,,,,,4.256822402954035e+16,,312,,,24649,5.119329452514648,0.569706916809082,
0.23059695959091187,19.424144744873047,0.3301093578338623,3.845935344696045,0.08583331108093262,4.336570739746094,5.867337703704834,4.265457005205914e+16,,312,,1.0554518699645996,24699,3.2240703105926514,0.526461124420166,
,,,,,,,,4.265457005205914e+16,312,,,24699,,,1.0113199949264526
,,,,,,6.182379245758057,4.274091177961062e+16,,313,,1.1121234893798828,24749,2.030315399169922,0.521338939666748,
0.2377520054578781,21.950023651123047,0.38245487213134766,4.468719959259033,0.08558487892150879,4.206063270568848,38.73030471801758,4.282725780212941e+16,,313,,6.967039108276367,24799,4.111397743225098,0.45270824432373047,
,,,,,,,,4.282725780212941e+16,313,,,24799,,,0.976052463054657
,,,,,,5.717012405395508,4.291360382464819e+16,,314,,1.0284104347229004,24849,2.526726484298706,0.46985769271850586,
,,,,,,5.6878838539123535,4.299994984716698e+16,,315,,0.6104340553283691,24899,6.902684211730957,0.5402421951293945,
,,,,,,,,4.299994984716698e+16,315,,,24899,,,0.9862884283065796
0.23976249992847443,16.323911666870117,0.31585001945495605,3.6948320865631104,0.08548426628112793,4.1707940101623535,46.54719924926758,4.308629586968576e+16,,315,,8.373189926147461,24949,2.1880791187286377,0.5376811027526855,
