target,reference,feature,target_mean,reference_mean,percent_change,fold_change,p_value,statistic,fdr
TMSB4X,non-targeting,AGRN,5.733145,5.5859537,0.0263502951711416,1.0263502597808838,0.0003909627586258,93718285.5,0.0073931241137728
TMSB4X,non-targeting,ICMT,13.344619,13.048252,0.0227131340652704,1.0227131843566897,4.02791076425e-05,94169653.5,0.00106468752365
TMSB4X,non-targeting,PDPN,16.417318,16.17351,0.0150745725259184,1.015074610710144,0.0034827785371664,93214686.0,0.0427892334547228
TMSB4X,non-targeting,FBLIM1,1.1125886,1.1735523,-0.0519479475915432,0.9480520486831664,0.0003038428380669,87972916.5,0.0059854854132176
TMSB4X,non-targeting,UBR4,15.631938,15.45456,0.0114773698151111,1.0114773511886597,0.0015706673838298,93407996.5,0.0230747691254426
TMSB4X,non-targeting,CAPZB,7.721517,8.141897,-0.0516317151486873,0.9483683109283448,3.25475809505694e-14,84740482.5,4.04162268946631e-12
TMSB4X,non-targeting,DDOST,9.352461,9.14526,0.0226566549390554,1.0226566791534424,0.0003525123196842,93740212.0,0.0067946937525496
TMSB4X,non-targeting,KDM1A,39.80426,39.483776,0.0081168571487069,1.0081168413162231,0.0041991798453128,93167299.5,0.049337907202532
TMSB4X,non-targeting,GPR3,0.43961847,0.41015467,0.0718358233571052,1.0718358755111694,0.0033419814829017,92988795.0,0.0414196772764355
TMSB4X,non-targeting,ADGRB2,1.3316075,1.4189506,-0.0615547150373458,0.9384452700614928,2.99067573071e-05,87507631.0,0.0008250139946789
TMSB4X,non-targeting,MANEAL,0.48020777,0.4459411,0.0768412724137306,1.0768412351608276,0.0026319444517177,93043368.5,0.034550805028705
TMSB4X,non-targeting,FHL3,2.2616324,2.3339522,-0.0309859588742256,0.969014048576355,0.0038488042079949,88529287.0,0.0461876941992221
TMSB4X,non-targeting,PPT1,20.092283,19.775831,0.016001958400011,1.0160019397735596,0.0011893578973,93472601.5,0.0184295430092428
TMSB4X,non-targeting,YBX1,54.9057,55.63247,-0.0130637465044856,0.9869362711906432,6.56211257728e-05,87640227.5,0.0016167922654408
TMSB4X,non-targeting,DHCR24,37.009403,36.418472,0.0162261314690113,1.0162261724472046,0.000263483454847,93801080.5,0.0052989776013743
TMSB4X,non-targeting,L1TD1,81.35969,80.419266,0.0116939898580312,1.0116939544677734,0.0002594614017946,93804266.0,0.0052297391441026
TMSB4X,non-targeting,FUBP1,17.916304,17.594501,0.018289927393198,1.0182899236679075,6.17498155392e-05,94089139.0,0.0015373680321535
TMSB4X,non-targeting,SYDE2,1.0163293,0.95296484,0.0664919018745422,1.066491961479187,0.0001110318160667,93926465.0,0.0025238310717707
TMSB4X,non-targeting,CCN1,1.7746794,1.6785867,0.0572461932897567,1.057246208190918,0.0011357155111678,93466018.5,0.0177290074615049
TMSB4X,non-targeting,GLMN,6.652981,6.466266,0.0288751870393753,1.0288752317428589,5.97691559875e-05,94095346.0,0.0014938157869161
TMSB4X,non-targeting,TMED5,4.959863,4.837428,0.0253099557012319,1.025309920310974,0.0006021737763013,93625167.5,0.0105497111196985
TMSB4X,non-targeting,MOV10,4.396593,4.2908936,0.0246334560215473,1.0246334075927734,0.0035935241853114,93206785.0,0.0438104634325225
TMSB4X,non-targeting,SLC16A1,82.28539,81.08728,0.0147755909711122,1.014775633811951,5.42724998334e-05,94113652.0,0.0013769952245146
TMSB4X,non-targeting,TSPAN2,2.4283834,2.6202328,-0.0732184797525405,0.9267815351486206,6.003298503794091e-09,86170497.0,3.719658565750417e-07
TMSB4X,non-targeting,PHGDH,23.884262,24.22051,-0.0138827953487634,0.98611718416214,0.0009162614576496,88185785.5,0.0149297108456246
TMSB4X,non-targeting,PLEKHO1,2.6946006,2.8761368,-0.0631180703639984,0.936881959438324,9.441199163283863e-11,85638226.5,7.758949130553285e-09
TMSB4X,non-targeting,CGN,7.998284,7.7512527,0.0318698436021804,1.031869888305664,0.0001118359332796,93974106.5,0.0025395549782672
TMSB4X,non-targeting,CRTC2,1.4828421,1.4224823,0.042432751506567,1.0424327850341797,0.0011403113916878,93472696.5,0.0177915343128384
TMSB4X,non-targeting,ADAR,25.767488,26.100197,-0.0127473501488566,0.9872526526451112,0.0024920521579487,88420229.5,0.0331442570367171
TMSB4X,non-targeting,NES,26.48294,25.863895,0.0239347256720066,1.0239347219467163,1.56916859947e-05,94341305.5,0.0004697113953397
TMSB4X,non-targeting,CD1B,0.0002648556,1.3590298e-05,18.48857879638672,19.48857879638672,0.0021675345438511,90894676.0,0.0297693303513413
TMSB4X,non-targeting,RGS5,3.858406,3.629085,0.063189759850502,1.0631897449493408,3.05193495459e-05,94220194.5,0.0008388413496352
TMSB4X,non-targeting,SELP,0.00032563775,0.0,,20.0,6.2008816597e-05,90897056.0,0.0015412694584467
TMSB4X,non-targeting,SELE,0.0004320172,1.7648548e-05,23.47890853881836,24.47890853881836,4.66966942617e-05,90913764.5,0.0012081800690515
TMSB4X,non-targeting,FMO2,0.000878435,0.0001212881,6.24254846572876,7.24254846572876,0.0016623454166489,90935293.0,0.0241020089278373
TMSB4X,non-targeting,VAMP4,0.97186667,0.92438376,0.0513670928776264,1.0513670444488523,0.0039691237469445,93138476.5,0.0472278223932436
TMSB4X,non-targeting,ZBTB37,2.1712837,2.0917668,0.0380142219364643,1.0380141735076904,0.0009845314374545,93513766.5,0.0158365910935743
TMSB4X,non-targeting,ODR4,2.1441698,2.0491836,0.0463531911373138,1.0463532209396362,8.40462189539e-05,94027704.0,0.0020020495898387
TMSB4X,non-targeting,LAX1,0.001775323,0.00066035596,1.6884334087371826,2.6884334087371826,0.0027839131468023,90999903.0,0.0360759387142969
TMSB4X,non-targeting,MAPKAPK2,3.1939003,3.3137517,-0.0361678749322891,0.963832139968872,0.0021375703781499,88383253.0,0.0294477845450702
TMSB4X,non-targeting,PACC1,2.301936,2.210431,0.0413968190550804,1.0413968563079834,0.000256568892594,93804889.5,0.0051791535009008
TMSB4X,non-targeting,VASH2,20.371696,19.988234,0.0191844310611486,1.0191844701766968,0.0008273728318246,93554890.5,0.0136961186590277
TMSB4X,non-targeting,KCTD3,10.015675,9.815523,0.0203913170844316,1.0203913450241089,0.0022572362854549,93321570.0,0.0306468084216455
TMSB4X,non-targeting,C1orf115,0.36341268,0.39654592,-0.0835546106100082,0.9164453744888306,0.0002326413156326,88214217.5,0.0047656412719674
TMSB4X,non-targeting,DEGS1,8.579397,8.377493,0.0241008009761571,1.0241007804870603,0.0019850549476245,93352486.5,0.0277870807162065
TMSB4X,non-targeting,EPHX1,8.795796,8.608434,0.021765012294054,1.0217649936676023,0.0005895393744132,93629809.0,0.0103651092511689
TMSB4X,non-targeting,H3F3A,42.776196,43.457195,-0.0156705863773822,0.9843294024467468,0.0004020682929916,88005428.5,0.0075738640730253
TMSB4X,non-targeting,MAP3K21,2.4329133,2.345753,0.0371566601097583,1.0371567010879517,0.0005637234396317,93638571.0,0.0100042533327108
TMSB4X,non-targeting,ARID4B,5.2062397,5.07289,0.0262867715209722,1.0262867212295532,0.0010153557373771,93508736.5,0.0162284580372866
TMSB4X,non-targeting,DESI2,11.020632,11.219042,-0.0176851134747266,0.9823148846626282,0.001897822790668,88354537.5,0.0268277060635484
TMSB4X,non-targeting,OR2M4,0.00031356118,1.847402e-05,15.973089218139648,16.97308921813965,0.0021669135977974,90894677.0,0.0297693303513413
TMSB4X,non-targeting,ADI1,9.5973835,9.802632,-0.0209381338208913,0.9790618419647216,0.0016867759166293,88326560.5,0.0243858216637282
TMSB4X,non-targeting,PDIA6,7.8645673,7.708518,0.0202437415719032,1.020243763923645,0.0028410074610999,93265383.0,0.036622807240669
TMSB4X,non-targeting,ROCK2,4.1844187,4.075932,0.0266164038330316,1.026616454124451,0.0041465419318648,93170489.0,0.0488527812642484
TMSB4X,non-targeting,KCNS3,1.226983,1.2914402,-0.0499111711978912,0.9500887989997864,0.0016573441840492,88336422.0,0.0240603684339258
TMSB4X,non-targeting,SLC5A6,11.634246,11.417694,0.01896633207798,1.0189663171768188,0.0006832729746404,93597412.0,0.0117429423778503
TMSB4X,non-targeting,MTA3,19.372173,19.790657,-0.0211455207318067,0.978854477405548,0.0001240364730407,87764099.5,0.0027764444736234
TMSB4X,non-targeting,EHBP1,7.842022,7.6566606,0.0242091678082942,1.0242091417312622,0.0008407153023618,93551309.0,0.0138839355742616
TMSB4X,non-targeting,UGP2,8.983834,9.192651,-0.0227155946195125,0.9772844314575196,0.0036213963416086,88512894.5,0.0440670654571841
TMSB4X,non-targeting,ACTG2,0.23751841,0.2150242,0.1046124622225761,1.1046124696731567,0.0032034804331783,92637375.0,0.0400269013350822
TMSB4X,non-targeting,EIF5B,13.795419,13.565707,0.0169332511723041,1.0169332027435305,0.0034395139700334,93217824.0,0.0423730360272748
TMSB4X,non-targeting,METTL5,11.052963,10.875515,0.0163163095712661,1.016316294670105,0.0009728575957046,93518435.0,0.015671120215912
TMSB4X,non-targeting,CCDC141,1.5277855,1.4500026,0.0536433458328247,1.0536433458328247,0.0015708200132519,93383487.5,0.0230747691254426
TMSB4X,non-targeting,DNAJC10,19.290504,18.988712,0.0158932395279407,1.0158932209014893,0.0014184139606295,93431846.5,0.0212644480996541
TMSB4X,non-targeting,COL5A2,0.58471096,0.5432546,0.0763110741972923,1.076311111450195,0.0005872433375571,93440104.0,0.0103342023973451
TMSB4X,non-targeting,HSPD1,72.921715,72.23665,0.0094836382195353,1.0094836950302124,0.0001314663636096,93942119.5,0.0029279525179382
TMSB4X,non-targeting,INO80D,3.0309947,3.1273408,-0.030807688832283,0.9691923260688782,0.0028228489503812,88450970.5,0.0365072310607249
TMSB4X,non-targeting,PIKFYVE,7.5997543,7.4206157,0.0241406727582216,1.02414071559906,0.0003834954747515,93722383.5,0.0072709712494838
TMSB4X,non-targeting,ACSL3,13.167886,12.924459,0.0188345462083816,1.0188345909118652,0.0021504197440035,93333273.0,0.0296083747362877
TMSB4X,non-targeting,SERPINE2,3.6234195,3.5245538,0.0280505716800689,1.0280505418777466,0.0021505374836113,93333208.0,0.0296083747362877
TMSB4X,non-targeting,FAM124B,0.09565964,0.08510023,0.1240820288658142,1.124082088470459,0.0038825561591723,92146046.0,0.0464755133460249
TMSB4X,non-targeting,ITM2C,57.918533,56.94092,0.0171688739210367,1.0171688795089722,1.5428373285523766e-06,94733883.5,5.96036301286e-05
TMSB4X,non-targeting,COPS8,4.1938095,4.083354,0.0270501933991909,1.0270501375198364,0.0029548847926015,93255654.0,0.0376015745004479
TMSB4X,non-targeting,RAB17,4.0005703,3.7595143,0.0641189143061637,1.0641188621520996,3.440277238255828e-06,94601258.5,0.0001220090476023
TMSB4X,non-targeting,LRRN1,14.97856,14.6348505,0.0234857164323329,1.0234856605529783,0.0013981201080008,93435202.0,0.0209985143318286
TMSB4X,non-targeting,NR1D2,2.3107963,2.219137,0.0413040332496166,1.0413039922714231,0.000814255184785,93556801.5,0.0135484389296092
TMSB4X,non-targeting,ACVR2B,15.54885,15.303922,0.0160042867064476,1.0160043239593506,0.0029932624679935,93252475.0,0.038011123103496
TMSB4X,non-targeting,TDGF1,5.0486507,4.8691144,0.0368724837899208,1.0368725061416626,0.0001474465413043,93919222.0,0.0032368060548606
TMSB4X,non-targeting,TMA7,9.178656,9.397401,-0.0232772063463926,0.976722776889801,0.0006706687725609,88116241.5,0.0115636957923912
TMSB4X,non-targeting,HYAL2,10.186249,9.963431,0.0223635230213403,1.022363543510437,0.0001725830160149,93887612.5,0.0037075819029834
TMSB4X,non-targeting,ALAS1,1.4587517,1.5435567,-0.0549413003027439,0.9450587034225464,8.03122826078e-05,87687799.0,0.0019257905431705
TMSB4X,non-targeting,NT5DC2,42.478027,43.19662,-0.0166354123502969,0.9833645820617676,9.28508425906e-05,87707216.0,0.002180186018232
TMSB4X,non-targeting,GNL3,36.955967,36.54067,0.0113653764128685,1.0113654136657717,0.0017972121967748,93376182.5,0.025633951181515
TMSB4X,non-targeting,TMEM39A,5.1602774,4.991496,0.0338137671351432,1.033813714981079,5.41791987778e-05,94113972.5,0.0013750139162038
TMSB4X,non-targeting,ITGB5,16.230255,15.449442,0.0505398996174335,1.0505398511886597,5.6188661761947766e-14,96919952.5,6.763588579600636e-12
TMSB4X,non-targeting,ISY1,2.7581758,2.6616845,0.0362519808113575,1.0362520217895508,0.000544474977958,93646623.5,0.0097160222941484
TMSB4X,non-targeting,ATP2C1,10.275578,10.121553,0.0152174392715096,1.015217423439026,0.00364385772017,93203306.5,0.0442569848049677
TMSB4X,non-targeting,ACAD11,0.98185205,0.9311963,0.0543986074626445,1.0543986558914185,0.0015058386700114,93371257.5,0.0223376200858795
TMSB4X,non-targeting,AMOTL2,2.042815,1.9240117,0.0617476813495159,1.061747670173645,0.0002251211170947,93820588.5,0.0046357514773046
TMSB4X,non-targeting,RBP1,2.0917182,2.0161743,0.037468921393156,1.0374689102172852,0.002355889116515,93308654.5,0.0316687548153098
TMSB4X,non-targeting,ATP1B3,7.4890876,7.341575,0.0200927499681711,1.0200927257537842,0.0039946620047482,93180027.5,0.0474570248220903
TMSB4X,non-targeting,U2SURP,28.703608,28.288757,0.014664844609797,1.014664888381958,7.08225366261e-05,94062919.0,0.0017243084597368
TMSB4X,non-targeting,GYG1,1.8500087,1.7665808,0.0472256392240524,1.0472255945205688,0.0001838005433079,93869924.5,0.0039113863265146
TMSB4X,non-targeting,AADAC,0.00032217542,1.9827232e-05,15.249136924743652,16.24913787841797,0.0021675345438511,90894676.0,0.0297693303513413
TMSB4X,non-targeting,SSR3,16.000896,15.775318,0.014299445785582,1.014299392700195,0.0003583197765339,93736761.5,0.0068860773381531
TMSB4X,non-targeting,BCHE,0.061512355,0.051195726,0.2015134841203689,1.2015135288238523,0.0019061361263674,91978601.0,0.0269157616094371
TMSB4X,non-targeting,DNAJB11,13.361465,13.036371,0.0249374788254499,1.0249375104904177,2.71903923138e-05,94242170.5,0.0007602881117135
TMSB4X,non-targeting,EIF4A2,24.686045,24.279984,0.0167241115123033,1.0167241096496582,0.00068203256706,93597813.0,0.0117283134986172
TMSB4X,non-targeting,ATP13A3,5.731264,5.560276,0.0307517256587743,1.0307517051696775,0.000114291869155,93969826.5,0.0025868765577413
TMSB4X,non-targeting,XXYLT1,1.0277004,1.0762851,-0.0451411046087741,0.954858899116516,0.0011864225492809,88271831.5,0.018393517141999
TMSB4X,non-targeting,ZNF718,1.9624313,1.8830637,0.0421481430530548,1.0421481132507324,0.0013679823811236,93437298.0,0.020623210951375
TMSB4X,non-targeting,LRPAP1,10.958849,10.665571,0.027497611939907,1.02749764919281,2.947140196378814e-06,94628142.0,0.0001063134372516
TMSB4X,non-targeting,WDR1,0.16769166,0.18928133,-0.1140612587332725,0.8859387636184692,0.0004044424305955,88728296.0,0.0076125484862931
TMSB4X,non-targeting,PROM1,9.680739,9.450252,0.0243895966559648,1.024389624595642,0.0002726165243255,93794013.0,0.0054547440900905
TMSB4X,non-targeting,LCORL,2.4138193,2.325428,0.0380107685923576,1.0380107164382937,0.0002524026214075,93808838.5,0.0051068032621398
TMSB4X,non-targeting,ADGRA3,9.799485,9.62289,0.0183515269309282,1.0183515548706057,0.0010093885367706,93510078.0,0.0161473586487461
TMSB4X,non-targeting,RFC1,7.560331,7.3776937,0.0247553270310163,1.024755358695984,0.0015279211947808,93414469.5,0.022584054285184
TMSB4X,non-targeting,TMEM33,25.265522,24.92104,0.0138229550793766,1.0138229131698608,0.0007280636758964,93583367.5,0.0123420459484341
TMSB4X,non-targeting,GUF1,6.7095675,6.565599,0.0219277143478393,1.0219277143478394,0.0034431868727893,93217556.0,0.0424068699987348
TMSB4X,non-targeting,CLOCK,2.8947594,2.792845,0.0364912487566471,1.0364912748336792,0.0029960620837222,93251887.0,0.0380292070160757
TMSB4X,non-targeting,CXCL13,0.0010745182,0.00019721795,4.4483795166015625,5.4483795166015625,0.0026322056884147,90944872.0,0.034550805028705
TMSB4X,non-targeting,PAQR3,3.9347842,3.8229325,0.0292580872774124,1.029258131980896,0.0003680012422451,93731065.5,0.0070302857774635
TMSB4X,non-targeting,HELQ,1.1366191,1.0776898,0.054681159555912,1.0546811819076538,0.0006200571633292,93589992.5,0.0108189862121147
TMSB4X,non-targeting,SLC39A8,3.8682938,3.7180774,0.0404016189277172,1.040401577949524,7.25579123374e-05,94058080.5,0.0017622878224895
TMSB4X,non-targeting,FGF2,11.910342,11.575086,0.0289636366069316,1.0289636850357056,1.06275392908e-05,94410044.5,0.0003360369191644
TMSB4X,non-targeting,NOCT,7.6661015,7.484612,0.0242483466863632,1.0242483615875244,0.0006039756231633,93624520.0,0.0105736297802895
TMSB4X,non-targeting,MGST2,0.86132944,0.8131839,0.0592062063515186,1.059206247329712,0.000512267942103,93585497.5,0.0092526508308868
TMSB4X,non-targeting,MAB21L2,0.0007763264,0.00012585016,5.168656826019287,6.168656349182129,0.0016621115982347,90935294.0,0.0241020089278373
TMSB4X,non-targeting,CLCN3,5.062825,4.9524355,0.0222899839282035,1.0222899913787842,0.0026714937473347,93280515.0,0.0349225803655547
TMSB4X,non-targeting,CASP3,9.576157,9.394394,0.019347995519638,1.0193480253219604,0.0022636786103817,93320880.5,0.0307262081649421
TMSB4X,non-targeting,LPCAT1,48.3852,47.893776,0.0102607188746333,1.0102607011795044,0.0024554953553117,93301133.0,0.032749598719413
TMSB4X,non-targeting,HEXB,2.5670793,2.4777021,0.0360726043581962,1.0360726118087769,0.0003626487207452,93733655.0,0.0069485893080485
TMSB4X,non-targeting,IQGAP2,7.4581637,7.2920213,0.0227841436862945,1.0227841138839722,0.0020438688733326,93345490.0,0.0284561444862578
TMSB4X,non-targeting,DHFR,9.842459,9.695772,0.0151289189234375,1.0151289701461792,0.0025489242894178,93292021.0,0.0337665234119833
TMSB4X,non-targeting,POLR3G,13.671371,12.976109,0.0535802319645881,1.0535802841186523,0.0001255395799218,93951273.5,0.0028070190514298
TMSB4X,non-targeting,MAN2A1,10.832737,10.664262,0.0157981067895889,1.0157980918884275,0.0028602126617818,93263720.5,0.0367695143095964
TMSB4X,non-targeting,REEP5,8.717236,8.511236,0.0242032259702682,1.024203181266785,0.0005569511533283,93642206.0,0.0099033013888432
TMSB4X,non-targeting,HSD17B4,24.464823,24.824656,-0.0144949750974774,0.9855050444602966,0.0017541972373013,88335832.0,0.025143401022997
TMSB4X,non-targeting,SNCAIP,0.29417387,0.26825708,0.0966117456555366,1.096611738204956,0.0010427903908947,93023600.5,0.0165965231226914
TMSB4X,non-targeting,ADAMTS19,3.026833,2.9114976,0.0396137945353984,1.0396138429641724,0.0002808476303603,93787448.5,0.0055946729362223
TMSB4X,non-targeting,UQCRQ,9.639548,9.848256,-0.0211923625320196,0.9788076281547546,0.0012146621480468,88250001.0,0.0187605430007581
TMSB4X,non-targeting,EGR1,1.3585532,1.2723384,0.0677608922123909,1.067760944366455,0.002282747241867,93262438.5,0.0309246741592661
TMSB4X,non-targeting,ECSCR,0.25334752,0.22539109,0.1240351870656013,1.1240352392196655,0.0003689469212485,93100079.0,0.0070453742460646
TMSB4X,non-targeting,DIAPH1,7.703997,7.5514774,0.0201973319053649,1.0201973915100098,0.0042272846704645,93165594.5,0.0495714793371378
TMSB4X,non-targeting,DPYSL3,49.028,49.62049,-0.0119404532015323,0.9880595207214355,0.0008014280467629,88155749.5,0.0133719260663293
TMSB4X,non-targeting,SPARC,16.267776,15.956985,0.0194767992943525,1.0194767713546753,9.43066395601e-05,94007511.5,0.0022080601440664
TMSB4X,non-targeting,ADAM19,1.9636154,1.8684727,0.0509200505912303,1.050920009613037,0.000211030906834,93842585.5,0.004393642095302
TMSB4X,non-targeting,STK10,0.62840164,0.6684344,-0.0598903149366378,0.9401096701622008,0.0027790876334025,88545817.0,0.0360321509367317
TMSB4X,non-targeting,BOD1,12.160667,12.367095,-0.0166916791349649,0.9833083152770996,0.0020803887821876,88376521.5,0.0288269690235692
TMSB4X,non-targeting,LMAN2,26.64384,26.361864,0.0106963869184255,1.0106964111328125,0.003258740185914,93231337.0,0.0406331190078106
TMSB4X,non-targeting,DBN1,4.4017267,4.297374,0.0242829583585262,1.024282932281494,0.0039420847364076,93183368.5,0.0470137810252313
TMSB4X,non-targeting,PDLIM7,1.7667491,1.8979676,-0.0691362917423248,0.9308637380599976,5.294798840526235e-08,86477289.5,2.766761937477293e-06
TMSB4X,non-targeting,CANX,20.23988,19.783588,0.0230641271919012,1.023064136505127,2.2153654654827355e-06,94675108.0,8.23474663156e-05
TMSB4X,non-targeting,TRIM7,0.0006907899,0.0024610567,-0.7193116545677185,0.2806883156299591,0.001676436205536,90606913.0,0.0242518535734453
TMSB4X,non-targeting,SERPINB1,2.4520183,2.352577,0.0422690920531749,1.0422691106796265,0.0011420429124092,93480067.0,0.0178062572062434
TMSB4X,non-targeting,SERPINB9,3.00672,2.8332748,0.061217226088047,1.061217188835144,0.0001190046205599,93958787.0,0.0026807918511377
TMSB4X,non-targeting,NQO2,8.96764,8.750631,0.0247991923242807,1.0247992277145386,0.0029279493818118,93257937.0,0.0373856149280383
TMSB4X,non-targeting,TUBB2A,52.827694,51.56927,0.0244025718420743,1.0244026184082031,0.0001001343038705,93995799.0,0.0023183231437997
TMSB4X,non-targeting,SLC17A1,0.00021704784,1.6206775e-05,12.392414093017578,13.392414093017578,0.0021681556530224,90894675.0,0.0297693303513413
TMSB4X,non-targeting,TRIM40,0.00041047,6.228944e-05,5.589720726013184,6.589720726013184,0.0023974530505735,90909001.5,0.0321341451179297
TMSB4X,non-targeting,POU5F1,164.9054,166.1681,-0.0075989947654306,0.9924010038375854,0.0004125798907491,88010927.0,0.007734803426737
TMSB4X,non-targeting,RNF5,12.34671,12.608021,-0.02072574198246,0.9792742729187012,0.0028655706287925,88454501.5,0.036827919369185
TMSB4X,non-targeting,MDFI,2.4744322,2.3646407,0.0464305281639099,1.046430587768555,0.0020618264046528,93342029.0,0.0286268018707753
TMSB4X,non-targeting,SRF,7.0695124,7.217876,-0.0205550212413072,0.979444980621338,0.0011869602009837,88244695.0,0.0183955429742719
TMSB4X,non-targeting,LRRC73,0.035237305,0.043988135,-0.1989361494779586,0.8010638356208801,0.0013851931148739,89791821.0,0.0208285857592486
TMSB4X,non-targeting,CRISP3,0.00043481778,3.6493922e-05,10.914799690246582,11.914799690246582,0.0004943253835642,90911384.0,0.0089787049777389
TMSB4X,non-targeting,ELOVL5,21.719883,21.421555,0.0139265526086092,1.0139265060424805,0.0009090319785329,93533759.5,0.0148359795738177
TMSB4X,non-targeting,DST,5.9991007,5.8623204,0.0233321022242307,1.023332118988037,0.0041916961797618,93167753.5,0.049272987367472
TMSB4X,non-targeting,RAB23,1.5528535,1.49281,0.0402217656373977,1.0402218103408811,0.0035332755745098,93204074.0,0.0432450733733676
TMSB4X,non-targeting,NUS1,35.60454,34.90387,0.0200743395835161,1.0200743675231934,4.2289329735973294e-08,95278500.0,2.2541010661155573e-06
TMSB4X,non-targeting,GJA1,58.92469,58.128292,0.0137006975710392,1.0137007236480713,0.0025981371794799,93287343.5,0.0342478275043721
TMSB4X,non-targeting,CCN2,3.3214695,3.0718956,0.0812442824244499,1.0812442302703855,3.60301166679e-05,94182157.0,0.0009661302380092
TMSB4X,non-targeting,MYB,0.56288123,0.52842,0.0652156621217727,1.0652157068252563,0.0036501261574296,93028660.5,0.0443212094871238
TMSB4X,non-targeting,FUCA2,3.0123568,2.9224515,0.0307636447250843,1.0307636260986328,0.0021048143428612,93338122.0,0.0291029698064627
TMSB4X,non-targeting,RGS17,1.1185113,1.0635874,0.051640223711729,1.051640272140503,0.0030565961404219,93217414.5,0.0386402308899662
TMSB4X,non-targeting,IGF2R,2.947856,2.863876,0.0293238405138254,1.0293238162994385,0.0037043908415353,93198968.0,0.0447816170198973
TMSB4X,non-targeting,QKI,16.293798,16.025106,0.0167669411748647,1.016766905784607,0.0002859312531702,93784097.5,0.0056809198432068
TMSB4X,non-targeting,AC187653.1,0.000490392,1.5360667e-05,30.92517471313477,31.92517471313477,4.66966942617e-05,90913764.5,0.0012081800690515
TMSB4X,non-targeting,ACTB,355.817,393.85947,-0.0965889692306518,0.903411030769348,4.491663463722456e-291,61457978.0,3.6913307010955455e-287
TMSB4X,non-targeting,PHF14,13.995192,13.707644,0.0209771357476711,1.0209771394729614,0.000228153099904,93830776.5,0.0046853794255627
TMSB4X,non-targeting,FAM126A,16.00291,15.671103,0.0211732443422079,1.0211732387542725,1.54695347818e-05,94343842.5,0.0004641373860877
TMSB4X,non-targeting,NFE2L3,10.0157795,9.79136,0.0229201652109622,1.0229201316833496,0.0037022881684437,93199291.5,0.0447741605922823
TMSB4X,non-targeting,CPVL,5.0293565,4.891032,0.0282812006771564,1.0282812118530271,0.0004376743079532,93694208.0,0.0081444539808507
TMSB4X,non-targeting,SCRN1,4.168562,4.0625105,0.0261049028486013,1.0261049270629885,0.0025366684491313,93293132.0,0.0336386721140493
TMSB4X,non-targeting,NPC1L1,0.009654644,0.0065063066,0.4838901162147522,1.4838900566101074,0.0037405869284516,91256936.0,0.04514673675995
TMSB4X,non-targeting,UPP1,1.9217999,1.8324285,0.0487721338868141,1.0487720966339111,0.0001340646644717,93933638.0,0.0029748271154263
TMSB4X,non-targeting,PHKG1,0.018039918,0.012699383,0.4205349385738373,1.4205349683761597,0.0005492880366104,91520652.0,0.0097901495484199
TMSB4X,non-targeting,ZNF107,2.6039083,2.526152,0.0307805743068456,1.030780553817749,0.0019901948003441,93351215.5,0.0278374763965828
TMSB4X,non-targeting,HSPB1,15.768176,16.083406,-0.0195997264236211,0.9804002642631532,0.0004444903172245,88026852.0,0.0082542984135372
TMSB4X,non-targeting,SEMA3A,3.9497738,3.8121095,0.0361123718321323,1.0361124277114868,0.0006313185876295,93614712.0,0.0109815663501461
TMSB4X,non-targeting,CDK14,2.9491851,2.8332374,0.0409241132438182,1.040924072265625,0.0005267569564341,93653683.5,0.00945568484147
TMSB4X,non-targeting,CYP51A1,16.239365,15.927148,0.0196028035134077,1.0196027755737305,0.002545099382344,93292388.0,0.0337306823286763
TMSB4X,non-targeting,PCOLCE,2.8228939,2.7039845,0.043975606560707,1.043975591659546,6.88352322292e-05,94067764.0,0.0016831768984371
TMSB4X,non-targeting,GIGYF1,5.3720465,5.2320623,0.0267550572752952,1.0267550945281982,0.0002561472937344,93806923.0,0.0051721499561294
TMSB4X,non-targeting,TMEM168,1.4865093,1.4160194,0.0497803092002868,1.049780249595642,0.000414451398176,93693686.0,0.0077634493151908
TMSB4X,non-targeting,CPED1,0.025644641,0.019740093,0.2991144955158233,1.299114465713501,0.0015707609142446,91596365.0,0.0230747691254426
TMSB4X,non-targeting,CALU,31.145863,30.712519,0.0141096822917461,1.01410973072052,3.25539473017e-05,94209124.5,0.0008872103816944
TMSB4X,non-targeting,PODXL,59.037464,58.275623,0.0130730615928769,1.0130730867385864,0.002108915931186,93337964.5,0.0291389121198943
TMSB4X,non-targeting,CALD1,11.7501,11.5820465,0.0145098390057682,1.0145097970962524,0.0029029284287773,93260059.0,0.0371864432423801
TMSB4X,non-targeting,ZYX,7.532025,7.834074,-0.0385558232665061,0.9614441990852356,2.236664503099342e-06,87044218.0,8.3105002499e-05
TMSB4X,non-targeting,RBM33,11.151087,10.954882,0.0179102923721075,1.0179102420806885,0.0007520084169927,93576185.5,0.0126973404736923
TMSB4X,non-targeting,UBE3C,8.824771,8.662849,0.0186914820224046,1.0186915397644043,0.0009296746436046,93528697.0,0.0151128552026361
TMSB4X,non-targeting,TDRP,10.824894,10.656761,0.0157770998775959,1.0157771110534668,0.0015063067703929,93417806.5,0.0223376200858795
TMSB4X,non-targeting,PPP1R3B,1.8887209,1.7904185,0.0549046844244003,1.0549046993255615,0.0003977158428899,93705994.5,0.0075079926849906
TMSB4X,non-targeting,BMP1,0.11846286,0.10354626,0.1440573334693908,1.1440573930740356,0.0015465429602179,92383005.0,0.0227996548603555
TMSB4X,non-targeting,SLC39A14,10.6492405,10.418725,0.0221251137554645,1.0221251249313354,0.0033184132141298,93226802.5,0.0412117871274632
TMSB4X,non-targeting,FZD3,5.054259,4.9105024,0.0292752906680107,1.0292752981185913,0.0026521482252872,93282298.0,0.0347448703311027
TMSB4X,non-targeting,EXTL3,7.588745,7.442,0.0197185166180133,1.0197185277938845,0.0034571499530848,93216540.5,0.0425379550508877
TMSB4X,non-targeting,IDO2,0.008978675,0.00514974,0.7435201406478882,1.7435201406478882,0.0003056524656887,91317407.5,0.0060189073521406
TMSB4X,non-targeting,TOX,0.7147037,0.7589471,-0.0582957603037357,0.9417042136192322,0.0018000379082076,88426212.0,0.025658061637018
TMSB4X,non-targeting,CSPP1,1.5144279,1.4292579,0.0595903880894184,1.0595903396606443,2.77401596669e-05,94224389.0,0.0007732687122693
TMSB4X,non-targeting,AZIN1,7.292482,7.1364408,0.0218654014170169,1.0218653678894043,0.0003755657705918,93726814.5,0.0071461051697545
TMSB4X,non-targeting,MTBP,0.863207,0.81606823,0.0577632449567317,1.0577632188796997,0.0008478382148454,93485202.5,0.0139868513751574
TMSB4X,non-targeting,LRATD2,6.034019,5.809716,0.0386082157492637,1.038608193397522,0.0002121529062224,93845671.5,0.0044109070885417
TMSB4X,non-targeting,KANK1,3.0231206,2.9277909,0.0325603038072586,1.0325603485107422,0.0023597757806895,93310367.5,0.0317162846527408
TMSB4X,non-targeting,HAUS6,13.917086,13.658777,0.0189115330576896,1.0189114809036257,0.0001127000711419,93972591.0,0.0025559674940378
TMSB4X,non-targeting,ELAVL2,5.3692117,5.539916,-0.030813530087471,0.9691864848136902,0.0017039417097762,88328957.0,0.0245632802685008
TMSB4X,non-targeting,AQP7,0.0029979055,0.001506534,0.9899353981018066,1.9899353981018064,0.0007211359508841,91095438.5,0.0122554005139986
TMSB4X,non-targeting,TPM2,10.0234375,10.602859,-0.0546476244926452,0.9453523755073548,1.1903583838436544e-13,84877491.0,1.3778283982005934e-11
TMSB4X,non-targeting,MAMDC2,1.8064704,1.7251561,0.0471344739198684,1.047134518623352,0.0011405895793829,93475317.5,0.0177928037922731
TMSB4X,non-targeting,ZNF782,0.9555038,0.9063959,0.0541793145239353,1.054179310798645,0.0019771533966802,93307809.0,0.0276850475619414
TMSB4X,non-targeting,TMEFF1,24.774063,24.481056,0.0119687197729945,1.011968731880188,0.0015915430866348,93404894.0,0.0233185567312462
TMSB4X,non-targeting,ACTL7A,0.00033336948,1.4484641e-05,22.015378952026367,23.01537704467773,0.0021669135977974,90894677.0,0.0297693303513413
TMSB4X,non-targeting,GNG10,5.458226,5.3234987,0.0253080707043409,1.0253080129623413,0.0012626375377053,93458826.5,0.019316708987742
TMSB4X,non-targeting,ALAD,0.55359,0.59763104,-0.073692686855793,0.9263073205947876,0.0002752740912215,88072723.0,0.005499398419101
TMSB4X,non-targeting,NR6A1,2.2381988,2.325788,-0.0376600362360477,0.9623399376869202,0.0026202091170171,88433662.5,0.0344502864019411
TMSB4X,non-targeting,PRRC2B,3.8870869,3.796194,0.0239431355148553,1.0239431858062744,0.0027121864861759,93276782.5,0.0353440476214945
TMSB4X,non-targeting,CACNA1B,0.44162777,0.4097098,0.0779038220643997,1.0779038667678833,0.0017093729731947,93110036.0,0.0246297922819265
TMSB4X,non-targeting,NET1,5.2915773,5.183424,0.0208652317523956,1.0208652019500732,0.0017330879123331,93384790.0,0.024915894922856
TMSB4X,non-targeting,SEPHS1,54.53935,55.28781,-0.0135375708341598,0.986462414264679,0.000738092948976,88137427.0,0.0124880409109925
TMSB4X,non-targeting,UBE2D1,1.7407141,1.657501,0.0502039454877376,1.0502039194107056,0.0004455962880086,93685139.0,0.0082731370786574
TMSB4X,non-targeting,ANK3,3.7316573,3.5881863,0.0399842672049999,1.0399842262268066,4.24612651827e-05,94159724.5,0.0011138997018329
TMSB4X,non-targeting,TMEM26,0.037157826,0.04726638,-0.2138634920120239,0.7861365079879761,0.0001441159580618,89535655.5,0.0031768062932921
TMSB4X,non-targeting,JMJD1C,27.421476,27.023638,0.0147218741476535,1.0147218704223633,4.32967352003e-05,94156164.5,0.0011341712147518
TMSB4X,non-targeting,TACR2,0.0034976774,0.006576223,-0.4681327641010284,0.5318672060966492,0.0037393349763707,90476659.5,0.0451376528059708
TMSB4X,non-targeting,SH2D4B,0.0075752665,0.004387122,0.7267051935195923,1.7267051935195925,0.0008538092396381,91250028.0,0.0140590811044248
TMSB4X,non-targeting,SHLD2,4.607664,4.491558,0.0258498340845108,1.0258498191833496,0.0010984678726958,93490808.0,0.0172702544208731
TMSB4X,non-targeting,MINPP1,6.1836653,6.0124893,0.0284700635820627,1.0284700393676758,0.0004573750521809,93684777.5,0.0084570883037752
TMSB4X,non-targeting,IFIT5,0.45330948,0.4217382,0.0748598724603653,1.074859857559204,0.0018256326445814,93119950.0,0.0259655744289117
TMSB4X,non-targeting,MGMT,1.6440051,1.5732758,0.0449566803872585,1.0449566841125488,0.0005187026219562,93647740.0,0.0093426413677711
TMSB4X,non-targeting,TRIM5,3.2983658,3.1812673,0.0368087813258171,1.036808729171753,0.0033215468154366,93226239.5,0.0412342532429923
TMSB4X,non-targeting,OR10A2,0.0003304509,0.0,,20.0,6.2008816597e-05,90897056.0,0.0015412694584467
TMSB4X,non-targeting,ZDHHC13,5.1176004,4.969264,0.0298507809638977,1.029850721359253,0.000212794495952,93845051.5,0.0044232288880345
TMSB4X,non-targeting,CD59,0.72729796,0.6902337,0.0536981225013732,1.053698182106018,0.0040838420150107,93092718.5,0.0482839809255785
TMSB4X,non-targeting,MS4A18,0.00047160586,3.3213553e-05,13.199199676513672,14.199199676513672,0.0004942028511279,90911385.0,0.0089782833082723
TMSB4X,non-targeting,CPSF7,12.956709,12.731996,0.0176494978368282,1.017649531364441,0.0005032844722073,93664176.0,0.0091212743158673
TMSB4X,non-targeting,FADS2,69.147415,67.63638,0.0223405212163925,1.0223405361175537,2.6623628305477242e-08,95344047.5,1.4684417320409654e-06
TMSB4X,non-targeting,FADS1,12.904459,12.575592,0.0261512100696563,1.026151180267334,4.023118441577385e-06,94576305.5,0.0001409824089949
TMSB4X,non-targeting,FTH1,5.5874867,5.758216,-0.0296496637165546,0.9703503251075744,0.0001179033426887,87754073.0,0.0026579706182211
TMSB4X,non-targeting,EEF1G,59.952568,60.68785,-0.0121158165857195,0.9878841638565063,6.47064934266e-05,87637545.0,0.0015977784774025
TMSB4X,non-targeting,SLC22A8,0.00060735474,3.5998666e-05,15.871590614318848,16.87158966064453,1.4474916688e-05,90930472.0,0.000437636277123
TMSB4X,non-targeting,PPP1R14B,1.5232868,1.6000673,-0.0479857586324214,0.9520142674446106,0.0002897597530346,87944655.0,0.0057443600163002
TMSB4X,non-targeting,CFL1,58.296684,59.838566,-0.0257673542946577,0.9742326736450196,2.916040216014426e-15,84493187.0,3.9760186354103195e-13
TMSB4X,non-targeting,CCDC85B,1.7541201,1.8569,-0.0553502440452575,0.9446497559547424,0.0001125049910989,87749256.5,0.0025521834869124
TMSB4X,non-targeting,DRAP1,25.160023,25.510754,-0.0137483552098274,0.9862516522407532,0.0009005984022728,88181901.5,0.0147169370147268
TMSB4X,non-targeting,GPR152,0.0007285122,8.383359e-05,7.689979553222656,8.689979553222656,8.85634674743e-05,90942422.5,0.0020958475025345
TMSB4X,non-targeting,IL18BP,0.3414512,0.31448066,0.0857621431350708,1.0857621431350708,0.0005624295146605,93221896.0,0.0099858568371678
TMSB4X,non-targeting,ANAPC15,8.421089,8.662753,-0.0278968978673219,0.9721031188964844,1.11916883568e-05,87316769.0,0.0003483914006417
TMSB4X,non-targeting,ARHGEF17,0.22214684,0.2029619,0.0945247933268547,1.0945247411727903,0.0012451810085694,92845876.0,0.019124084807115
TMSB4X,non-targeting,GVQW3,0.6176324,0.5831102,0.0592035166919231,1.0592035055160522,0.0022046986495352,93194764.5,0.0301064588999979
TMSB4X,non-targeting,CTSC,36.804977,36.143925,0.0182894561439752,1.0182894468307495,2.2934853091628824e-06,94669434.0,8.49717507984e-05
TMSB4X,non-targeting,DDX10,4.339101,4.236749,0.0241580661386251,1.0241581201553345,0.0039807544909773,93180894.5,0.0473500271032041
TMSB4X,non-targeting,SLC37A4,4.7396345,4.5960155,0.031248603016138,1.0312485694885254,3.33498280176e-05,94204657.5,0.0009048092595424
TMSB4X,non-targeting,FEZ1,1.9170692,2.0056186,-0.0441506542265415,0.9558493494987488,0.0011249250493156,88236288.0,0.0175974223804083
TMSB4X,non-targeting,NTM,0.7250809,0.77380407,-0.0629657581448555,0.9370342493057252,0.0006656813139659,88205583.0,0.0114930463679369
TMSB4X,non-targeting,JAM3,4.317135,4.202794,0.0272058974951505,1.0272059440612793,0.0018500375112687,93369281.0,0.026267220200831
TMSB4X,non-targeting,TEAD4,11.902363,11.678086,0.0192049052566289,1.01920485496521,0.0008244801208281,93555674.0,0.0136607410049244
TMSB4X,non-targeting,CHD4,17.796524,17.588308,0.0118383020162582,1.0118383169174194,0.0020096729034789,93349535.5,0.0280621610247903
TMSB4X,non-targeting,PTMS,23.56936,24.15016,-0.0240494925528764,0.9759504795074464,3.855504022018053e-07,86765878.5,1.70267495647e-05
TMSB4X,non-targeting,C1R,0.631798,0.59444314,0.0628401339054107,1.0628401041030884,0.0039465926608673,93052759.5,0.0470489221340375
TMSB4X,non-targeting,SLC2A3,26.113188,25.479446,0.0248726513236761,1.024872660636902,0.0002591287901443,93804531.5,0.0052253496830351
TMSB4X,non-targeting,YBX3,18.026459,18.270317,-0.0133472420275211,0.9866527318954468,0.0039829619307769,88536986.5,0.0473693774372778
TMSB4X,non-targeting,DUSP16,7.098118,7.352491,-0.0345968566834926,0.965403139591217,4.68265068667e-05,87576286.0,0.0012104993482286
TMSB4X,non-targeting,PLBD1,1.6305572,1.5656915,0.0414294302463531,1.0414294004440308,0.0033588145809378,93216225.0,0.0415713086140171
TMSB4X,non-targeting,CAPRIN2,3.4833455,3.3866007,0.0285669267177581,1.0285669565200806,0.0024798602991381,93298494.0,0.0330136541916905
TMSB4X,non-targeting,RESF1,14.681654,14.452341,0.0158668346703052,1.0158668756484983,0.0020745688094401,93341911.5,0.0287727861880003
TMSB4X,non-targeting,ANO6,2.997677,2.894205,0.0357514396309852,1.035751461982727,0.0001290906697433,93945438.5,0.0028792984319767
TMSB4X,non-targeting,LARP4,18.634098,18.314972,0.0174243301153183,1.0174243450164795,1.54836736704e-05,94343680.0,0.0004644074650985
TMSB4X,non-targeting,KRT8,28.246708,27.775703,0.0169574283063411,1.016957402229309,0.0018297138082555,93371924.5,0.0260195262334909
TMSB4X,non-targeting,KRT18,39.44399,38.824028,0.0159684810787439,1.0159684419631958,0.0005326138896544,93651913.0,0.0095418738852085
TMSB4X,non-targeting,EIF4B,13.958245,14.141289,-0.012943903915584,0.9870560765266418,0.0036393308109596,88514140.0,0.0442317162289256
TMSB4X,non-targeting,HOXC12,0.00041053645,3.1571053e-05,12.00357151031494,13.00357151031494,0.0021681556530224,90894675.0,0.0297693303513413
TMSB4X,non-targeting,OR6C75,0.00021810205,1.5347048e-05,13.211336135864258,14.21133518218994,0.0021681556530224,90894675.0,0.0297693303513413
TMSB4X,non-targeting,MYL6,2.474243,2.5725272,-0.0382053293287754,0.9617946743965148,0.0007311880906172,88136013.5,0.0123862470614026
TMSB4X,non-targeting,SPRYD4,1.5592794,1.4986833,0.040432896465063,1.0404329299926758,0.0013252963520524,93439744.5,0.0201018104405274
TMSB4X,non-targeting,NXPH4,0.059042174,0.047494486,0.2431374490261078,1.2431374788284302,0.0003177742724283,92098857.5,0.006228706467372
TMSB4X,non-targeting,SLC6A15,5.299221,5.0101905,0.0576885342597961,1.057688593864441,1.4710055265400701e-08,95426755.0,8.405745865943258e-07
TMSB4X,non-targeting,TMTC3,7.023038,6.846721,0.0257519967854022,1.0257519483566284,0.000413945553773,93706128.0,0.0077555809453023
TMSB4X,non-targeting,CLLU1OS,0.000567018,4.3404878e-05,12.063462257385254,13.063462257385254,0.0001037994431432,90928094.0,0.0023840116006484
TMSB4X,non-targeting,HSP90B1,27.044912,26.543861,0.01887634024024,1.018876314163208,0.0003715658437663,93729083.0,0.0070849087273736
TMSB4X,non-targeting,C12orf75,5.454337,5.672156,-0.0384014025330543,0.961598575115204,4.18714328034e-05,87555347.5,0.001101943966646
TMSB4X,non-targeting,ATP2A2,17.559237,17.265491,0.017013419419527,1.017013430595398,0.0014723465896163,93423139.5,0.0219239222041368
TMSB4X,non-targeting,TPCN1,1.1230513,1.0718592,0.0477600432932376,1.047760009765625,0.0033237495682498,93198767.5,0.041244606859271
TMSB4X,non-targeting,CENPJ,5.2465906,5.123933,0.0239382088184356,1.0239381790161133,0.0029091953206988,93259523.0,0.0372297928922955
TMSB4X,non-targeting,RNF6,1.8003252,1.7342012,0.0381293483078479,1.0381293296813965,0.0037653201030078,93190619.5,0.045360466059689
TMSB4X,non-targeting,VWA8,2.2032852,2.1134627,0.0425001718103885,1.042500138282776,0.0005560533872295,93640539.0,0.009891026421378
TMSB4X,non-targeting,WDFY2,2.902522,2.8128192,0.0318907238543033,1.0318907499313354,0.0009580174557,93521561.0,0.0154689683043721
TMSB4X,non-targeting,TM9SF2,18.624823,18.376904,0.0134907970204949,1.0134907960891724,0.0032910566868635,93228872.0,0.0409569829973102
TMSB4X,non-targeting,LAMP1,24.719437,24.30125,0.0172084234654903,1.017208456993103,4.98033069845e-05,94129880.5,0.0012790394748312
TMSB4X,non-targeting,COCH,0.9689471,0.9116574,0.0628412812948226,1.062841296195984,0.0003104134400837,93702466.0,0.0061042799616208
TMSB4X,non-targeting,MIPOL1,2.6304681,2.5310512,0.0392789244651794,1.0392789840698242,0.003870530045732,93186741.5,0.0463868376155607
TMSB4X,non-targeting,NEMF,5.6387906,5.53185,0.0193318240344524,1.0193318128585815,0.0039905271213343,93180289.5,0.047416358013752
TMSB4X,non-targeting,MAP4K5,1.971099,1.8880535,0.0439847074449062,1.0439846515655518,0.0002594647566651,93800946.5,0.0052297391441026
TMSB4X,non-targeting,MAPK1IP1L,21.721146,21.382122,0.0158554706722497,1.0158554315567017,0.0002447131343541,93816357.0,0.0049734863636717
TMSB4X,non-targeting,DACT1,1.7204946,1.6001782,0.0751893669366836,1.0751893520355225,1.81103307691e-05,94287473.5,0.0005334551650467
TMSB4X,non-targeting,EIF2S1,18.331123,18.088593,0.0134079428389668,1.0134079456329346,0.0034043301823246,93220402.5,0.042012369631092
TMSB4X,non-targeting,TSHR,0.006904966,0.0037371626,0.8476493954658508,1.847649455070496,0.0003438642186067,91242290.0,0.006663868443794
TMSB4X,non-targeting,CCDC88C,3.6384554,3.524247,0.0324064865708351,1.032406449317932,0.0022888967624786,93318139.5,0.030984765997016
TMSB4X,non-targeting,LGMN,5.145702,5.0391574,0.02114331535995,1.0211433172225952,0.0027905911139541,93269793.0,0.0361417531090914
TMSB4X,non-targeting,CHGA,3.9466126,3.7662225,0.0478968322277069,1.0478968620300293,0.0016498141270702,93395868.0,0.0239664465831837
TMSB4X,non-targeting,ITPK1,10.278586,10.480497,-0.0192654002457857,0.9807345867156982,0.000918736059426,88186393.5,0.0149619419513807
TMSB4X,non-targeting,ASB2,0.0498081,0.040475443,0.2305757850408554,1.2305757999420166,0.0032565522575203,91830429.5,0.0406114393819617
TMSB4X,non-targeting,INF2,7.3329544,7.166644,0.0232061631977558,1.023206114768982,0.0012962186749095,93452761.5,0.0197402574480829
TMSB4X,non-targeting,NUDT14,0.68622416,0.7788197,-0.1188921108841896,0.8811078667640686,4.718595167470649e-11,85701846.0,4.027960369587787e-09
TMSB4X,non-targeting,EMC7,10.512663,10.301887,0.0204599741846323,1.02046000957489,0.0012648476482857,93458424.5,0.0193407015231793
TMSB4X,non-targeting,GPR176,11.516576,11.997829,-0.0401117242872715,0.9598882794380188,4.552013718932293e-11,85549144.0,3.904193929710429e-09
TMSB4X,non-targeting,PDIA3,36.103405,35.61321,0.0137644503265619,1.013764500617981,0.0009467268353252,93524593.0,0.0153266665317692
TMSB4X,non-targeting,ANXA2,9.379585,9.175241,0.022271217778325,1.0222712755203247,0.0028600440971779,93263735.0,0.0367695143095964
TMSB4X,non-targeting,RORA,0.33080345,0.35613558,-0.071130558848381,0.9288694262504578,0.0026816753869682,88768380.5,0.0350272294440012
TMSB4X,non-targeting,IGDCC3,4.408817,4.253867,0.0364256016910076,1.0364255905151367,0.0001909105362529,93867134.5,0.0040342011400819
TMSB4X,non-targeting,HACD3,19.145905,18.75207,0.0210022181272506,1.021002173423767,3.32537400197e-05,94205201.0,0.000902473160547
TMSB4X,non-targeting,IREB2,5.7566276,5.654379,0.0180830955505371,1.018083095550537,0.0007844680199815,93566780.5,0.013139875672842
TMSB4X,non-targeting,AP3B2,0.42569077,0.39037022,0.0904796198010444,1.090479612350464,0.0006160523901007,93313903.0,0.0107594930574008
TMSB4X,non-targeting,ALPK3,1.2711738,1.1960349,0.0628233551979065,1.0628234148025513,0.0003875882358071,93689134.0,0.0073362597397329
TMSB4X,non-targeting,SEMA4B,2.5642521,2.4862032,0.031392827630043,1.0313928127288818,0.0029081714798877,93259087.5,0.0372272304987047
TMSB4X,non-targeting,NGRN,1.1607037,1.2174021,-0.046573307365179,0.953426718711853,0.0041102382687107,88560986.0,0.048513583952403
TMSB4X,non-targeting,FAM174B,1.5853744,1.5251424,0.0394926555454731,1.0394926071166992,0.0036117388150885,93197714.5,0.0439733216938072
TMSB4X,non-targeting,SELENOS,5.620735,5.4844875,0.0248423647135496,1.024842381477356,0.0018685209224023,93366928.5,0.0264714451316677
TMSB4X,non-targeting,STUB1,8.318281,8.519953,-0.023670507594943,0.976329505443573,0.0002067994949714,87866865.5,0.0043224680567437
TMSB4X,non-targeting,AMDHD2,1.7383857,1.6558733,0.0498301275074481,1.0498300790786743,0.0001335202777942,93932678.0,0.0029649307572088
TMSB4X,non-targeting,NUDT16L1,2.0698586,2.1491048,-0.0368740893900394,0.9631258845329284,0.0018106729669624,88344957.0,0.0257690233333443
TMSB4X,non-targeting,RMI2,3.9609792,4.0855327,-0.030486462637782,0.9695135354995728,0.0040154191650572,88539066.5,0.047603557448054
TMSB4X,non-targeting,LITAF,14.561666,14.931646,-0.0247782990336418,0.9752216935157776,0.0001752420217011,87833236.0,0.0037513328822593
TMSB4X,non-targeting,RBBP6,5.2332263,5.1178064,0.0225526038557291,1.0225526094436646,0.0019664635611721,93354735.0,0.0275573460435004
TMSB4X,non-targeting,SPNS1,4.4984865,4.4020205,0.021914042532444,1.021914005279541,0.0012606093874267,93459191.5,0.0192922107031282
TMSB4X,non-targeting,MARVELD3,3.6595838,3.522872,0.038806926459074,1.0388069152832031,0.0002118292943218,93845883.5,0.0044062052937642
TMSB4X,non-targeting,VAT1L,4.6732225,4.8495674,-0.0363630093634128,0.9636369943618774,8.01582916169e-05,87678716.0,0.001923628766173
TMSB4X,non-targeting,RFLNB,3.7999926,4.0555053,-0.0630039125680923,0.9369961023330688,1.6358750473704483e-09,85996437.0,1.122878544284651e-07
TMSB4X,non-targeting,ASPA,0.0022016163,0.0007031973,2.1308655738830566,3.1308655738830566,0.0015230482342539,91021506.0,0.0225304467970151
TMSB4X,non-targeting,GGT6,0.009034545,0.005407898,0.6706204414367676,1.6706204414367676,0.0017368418177337,91268028.5,0.0249619237397668
TMSB4X,non-targeting,PFN1,54.630844,55.554047,-0.0166180972009897,0.9833819270133972,0.002869711340636,88454858.0,0.0368706516761647
TMSB4X,non-targeting,SPAG7,11.841219,12.091252,-0.0206788647919893,0.9793211221694946,0.0004103478946857,88009770.5,0.0076977484290505
TMSB4X,non-targeting,ELP5,6.6779237,6.8015985,-0.0181832071393728,0.9818167686462402,0.0031144930289003,88475141.5,0.0392131155727844
TMSB4X,non-targeting,ZBTB4,0.8987671,0.9502902,-0.0542182698845863,0.945781707763672,0.0013686317539586,88320146.5,0.0206241557856074
TMSB4X,non-targeting,FKBP10,9.207378,9.03364,0.0192323885858058,1.0192323923110962,0.0038767315701474,93187638.5,0.0464195174181555
TMSB4X,non-targeting,GJC1,16.610775,16.195007,0.0256725829094648,1.0256725549697876,2.94967107252e-05,94227263.0,0.0008151949402525
TMSB4X,non-targeting,HOXB4,0.00047809002,1.924341e-05,23.844348907470703,24.844348907470703,4.66966942617e-05,90913764.5,0.0012081800690515
TMSB4X,non-targeting,HOXB9,0.00043243147,5.6090998e-05,6.709463119506836,7.709463119506836,0.0023964899522682,90909003.5,0.0321285320606635
TMSB4X,non-targeting,ANKFN1,0.0008432471,0.00021827954,2.863152265548706,3.863152265548706,0.0026403962364688,90944845.0,0.0346231244236704
TMSB4X,non-targeting,CCDC47,16.701128,16.50152,0.0120963305234909,1.012096285820007,0.0016031988996365,93403178.0,0.023447529611251
TMSB4X,non-targeting,CD300LB,0.00084490917,0.00021974233,2.8449995517730717,3.8449995517730713,0.0026413077339593,90944842.0,0.0346300535387852
TMSB4X,non-targeting,SLC16A5,0.6548368,0.6159779,0.0630848780274391,1.063084840774536,0.0021039862597616,93221616.5,0.0290981241057051
TMSB4X,non-targeting,PGS1,3.722749,3.5962107,0.0351865589618682,1.035186529159546,2.91321087302e-05,94229486.0,0.0008063510805931
TMSB4X,non-targeting,TBC1D16,9.362405,9.521149,-0.0166727639734745,0.9833272099494934,0.0030723837134031,88471758.0,0.0387855729216095
TMSB4X,non-targeting,NDUFAF8,15.814074,16.156366,-0.0211862474679946,0.9788137674331664,3.68583678532e-05,87531603.5,0.0009857977674364
TMSB4X,non-targeting,ACTG1,103.695015,121.77803,-0.1484916061162948,0.851508378982544,0.0,58981043.0,0.0
TMSB4X,non-targeting,THOC1,5.908743,5.7468057,0.0281786527484655,1.0281786918640137,0.0003523046181848,93740335.0,0.0067921385122437
TMSB4X,non-targeting,NPC1,3.3165026,3.201705,0.0358551442623138,1.0358551740646362,9.78508817214e-05,94000117.0,0.0022751336696551
TMSB4X,non-targeting,DSG2,26.84866,26.359627,0.0185523387044668,1.018552303314209,5.242792880218056e-06,94531670.5,0.0001789835635844
TMSB4X,non-targeting,KLHL14,0.026654435,0.03286105,-0.1888745129108429,0.8111254572868347,0.0022328393801398,89957597.5,0.0303897440476732
TMSB4X,non-targeting,SLC39A6,8.316735,8.108545,0.0256753787398338,1.0256754159927368,0.0019422295250777,93357702.0,0.02730222741284
TMSB4X,non-targeting,ZNF516,0.47509384,0.5197098,-0.0858478769659996,0.9141521453857422,0.000174448040809,88100552.5,0.0037378769587909
TMSB4X,non-targeting,PRSS57,0.002246852,0.0009647972,1.3288334608078003,2.3288333415985107,0.0021007834940092,91033412.0,0.0290739173083952
TMSB4X,non-targeting,CNN2,16.13606,17.001915,-0.0509268678724765,0.9490731358528136,7.827664722249344e-20,83508555.0,1.5586363235492086e-17
TMSB4X,non-targeting,GPX4,30.262999,30.601908,-0.0110747721046209,0.9889252185821532,0.0019163660866751,88356857.0,0.0270475400835967
TMSB4X,non-targeting,OAZ1,126.90348,127.82743,-0.0072281057946383,0.9927719235420228,0.0027722100020734,88446336.0,0.035965525859277
TMSB4X,non-targeting,THOP1,7.8694,7.5381236,0.0439468026161193,1.0439467430114746,4.13150888988e-05,94164917.0,0.0010892050266718
TMSB4X,non-targeting,CHAF1A,12.504775,12.276894,0.0185618158429861,1.018561840057373,0.00070420605357,93590745.0,0.0120181663663837
TMSB4X,non-targeting,SAFB2,8.91397,8.759598,0.0176232084631919,1.0176231861114502,0.0003808198379198,93723869.0,0.0072293392162861
TMSB4X,non-targeting,PET100,2.921309,3.057784,-0.0446320213377475,0.9553679823875428,7.1252018612639175e-06,87238659.0,0.0002348225476697
TMSB4X,non-targeting,FCER2,0.021560894,0.027712489,-0.2219791412353515,0.7780208587646484,0.002992050219972,90045172.5,0.0380049655592908
TMSB4X,non-targeting,EVI5L,0.6601101,0.7088415,-0.0687479302287101,0.9312520623207092,0.0002012710069163,87976387.0,0.0042254758535157
TMSB4X,non-targeting,ICAM5,0.061077483,0.07102024,-0.1399988979101181,0.8600010871887207,0.0035912092227045,89680787.0,0.0437992801303131
TMSB4X,non-targeting,CNN1,0.5964986,0.64331335,-0.0727712884545326,0.9272286891937256,0.0004102203046631,88140283.5,0.0076969521671958
TMSB4X,non-targeting,ZNF69,2.78208,2.672142,0.0411422401666641,1.041142225265503,0.0002831950314519,93785542.0,0.0056339856609287
TMSB4X,non-targeting,TRMT1,10.929327,10.767139,0.0150632001459598,1.0150631666183472,0.003518293234246,93212136.5,0.0431083909427818
TMSB4X,non-targeting,TPM4,19.64948,20.39082,-0.0363564938306808,0.963643491268158,1.268499105948984e-15,84409996.0,1.79455898556789e-13
TMSB4X,non-targeting,BABAM1,8.655124,8.843942,-0.0213499795645475,0.9786500334739684,0.000516175937661,88059054.0,0.0093060833132904
TMSB4X,non-targeting,ZNF101,4.6415358,4.520361,0.0268064457923173,1.0268064737319946,0.0003157362508552,93763372.0,0.0061914440514776
TMSB4X,non-targeting,ZNF90,13.2239275,12.848582,0.0292129684239625,1.0292129516601562,2.1740099359832557e-06,94678190.0,8.09767194943e-05
TMSB4X,non-targeting,ZNF708,4.1481776,4.0183363,0.0323122106492519,1.0323121547698977,0.0020516398014476,93344549.0,0.0285317334465182
TMSB4X,non-targeting,ZNF493,3.910666,3.8030164,0.0283063631504774,1.0283063650131226,0.0008870589078315,93539217.5,0.0145280349997826
TMSB4X,non-targeting,DPY19L3,7.8554926,7.675142,0.0234980396926403,1.0234980583190918,0.001062258330548,93498466.0,0.016838182199113
TMSB4X,non-targeting,WTIP,2.7857141,2.6714072,0.0427890308201313,1.0427889823913574,0.0025680759193301,93289250.0,0.0339478271078653
TMSB4X,non-targeting,LSR,26.178782,25.822691,0.0137898307293653,1.0137897729873655,0.0020167263761969,93348696.0,0.0281432640333744
TMSB4X,non-targeting,CYP2S1,19.95396,19.541311,0.0211167596280574,1.0211167335510254,0.0005505088204928,93644736.5,0.009808040475473
TMSB4X,non-targeting,GRIK5,3.3210142,3.4256535,-0.0305457897484302,0.9694542288780212,0.000697734147703,88125060.0,0.0119392706705205
TMSB4X,non-targeting,NECTIN2,9.37388,8.97842,0.0440456233918666,1.0440455675125122,4.5221309933307135e-11,96169405.0,3.8822473105137384e-09
TMSB4X,non-targeting,APOE,59.426025,58.626575,0.0136363059282302,1.013636350631714,0.0038129781451461,93191841.0,0.0458185862450097
TMSB4X,non-targeting,CD3EAP,2.5411925,2.4443266,0.039628867059946,1.0396288633346558,0.0028987296295038,93259549.5,0.0371440028737706
TMSB4X,non-targeting,FOSB,0.03503311,0.027320314,0.2823099493980407,1.282309889793396,0.0013069966642295,91700935.0,0.0198642398194934
TMSB4X,non-targeting,FBXO46,5.248077,5.465171,-0.0397231765091419,0.9602768421173096,3.30252157263e-05,87511290.5,0.0008976186114441
TMSB4X,non-targeting,SELENOW,49.565403,50.248985,-0.0136039024218916,0.986396074295044,0.0002936818687403,87939237.0,0.0058092405378369
TMSB4X,non-targeting,KDELR1,10.627497,10.456428,0.0163601897656917,1.0163601636886597,0.0014562529103442,93425706.5,0.0217308126601386
TMSB4X,non-targeting,FCGRT,2.6816325,2.596472,0.0327985398471355,1.0327985286712646,0.0028922684485715,93260461.0,0.0370814165013282
TMSB4X,non-targeting,NCR1,0.110675015,0.09320729,0.1874072551727295,1.1874072551727295,5.06083159147e-05,92723714.0,0.0012956646158866
TMSB4X,non-targeting,NLRP2,0.067583,0.0565547,0.1950023770332336,1.1950023174285889,0.0038509318842531,91947429.5,0.0461977346666282
TMSB4X,non-targeting,ZIM3,11.741136,12.432946,-0.0556433349847793,0.9443566799163818,1.9807494254270926e-10,85728211.0,1.5356753692848126e-08
TMSB4X,non-targeting,CPXM1,1.3244839,1.2641356,0.0477387644350528,1.047738790512085,0.0017779113166702,93360780.5,0.0254263552591354
TMSB4X,non-targeting,FASTKD5,3.1389854,3.03753,0.0334006436169147,1.0334006547927856,0.001701899495418,93388862.0,0.0245494996626446
TMSB4X,non-targeting,SIGLEC1,0.00053794833,0.000101444944,4.302859783172607,5.302859783172607,0.0014346062410268,90923329.0,0.0214715900974877
TMSB4X,non-targeting,DSTN,23.732643,24.07426,-0.0141901588067412,0.985809862613678,0.0007017138944383,88126231.0,0.0119892149040304
TMSB4X,non-targeting,HM13,8.057788,7.890099,0.0212530717253685,1.0212531089782717,0.0042251609680163,93165723.0,0.0495530035688473
TMSB4X,non-targeting,MYL9,4.9919095,5.165506,-0.0336068496108055,0.9663931727409364,0.0010583031091876,88218499.0,0.0167988590454279
TMSB4X,non-targeting,SAMHD1,6.687351,6.915104,-0.0329355411231517,0.9670644402503968,2.44211090381e-05,87456013.0,0.0006927987502323
TMSB4X,non-targeting,SERINC3,7.488412,7.3205724,0.0229271035641431,1.0229270458221436,0.0002974291856461,93775877.0,0.0058770706846797
TMSB4X,non-targeting,WFDC2,6.9181614,6.732519,0.0275739636272192,1.0275739431381226,0.000703543429202,93590951.5,0.0120113930122495
TMSB4X,non-targeting,COL9A3,0.692784,0.6315743,0.0969161391258239,1.0969160795211792,5.208111404766288e-06,94355757.5,0.0001779339648491
TMSB4X,non-targeting,APP,40.334915,39.57536,0.0191926453262567,1.0191926956176758,2.1847663706796614e-06,94677383.0,8.13103663686e-05
TMSB4X,non-targeting,SLC5A3,3.0730097,2.9789028,0.0315911322832107,1.0315911769866943,0.0025935511860891,93287507.5,0.0342073281620165
TMSB4X,non-targeting,COL18A1,3.7471066,3.6221685,0.0344926007091999,1.0344926118850708,0.0016949623253287,93389970.5,0.0244806828901928
TMSB4X,non-targeting,ZNRF3,1.9532982,1.8846444,0.0364279970526695,1.0364279747009275,0.0011248278822758,93482010.0,0.0175974223804083
TMSB4X,non-targeting,UQCR10,11.817251,12.040264,-0.0185222625732421,0.9814777374267578,0.0010595443804285,88218711.0,0.0168069506914795
TMSB4X,non-targeting,SEC14L4,0.38708344,0.4171428,-0.0720601379871368,0.9279398918151855,0.0019864405698343,88624076.0,0.0277978680360723
TMSB4X,non-targeting,FBLN1,6.0706043,5.9145985,0.0263764075934886,1.0263763666152954,0.0002666912314404,93798571.5,0.0053563402182215
TMSB4X,non-targeting,BRD1,6.6875677,6.5475144,0.0213902965188026,1.0213903188705444,0.0034578811988213,93216487.0,0.0425411622718354
TMSB4X,non-targeting,TMSB4X,2.9449875,123.65704,-0.9761842489242554,0.0238157678395509,0.0,635766.5,0.0
TMSB4X,non-targeting,PRDX4,23.621351,23.295372,0.0139933042228221,1.013993263244629,0.0002493953665492,93812446.0,0.0050584117424403
TMSB4X,non-targeting,MAOB,0.11576843,0.13139553,-0.1189317554235458,0.881068229675293,0.0012965163676954,89192431.5,0.0197414653258659
TMSB4X,non-targeting,DUSP21,0.00027280606,9.996412e-06,26.2903995513916,27.2903995513916,0.0021669135977974,90894677.0,0.0297693303513413
TMSB4X,non-targeting,KDM6A,5.745683,5.943735,-0.0333211235702037,0.9666788578033448,0.0006913366004271,88122942.0,0.0118558841666653
TMSB4X,non-targeting,RP2,1.2500821,1.1980964,0.0433902814984321,1.0433902740478516,0.0042527276929648,93145684.0,0.0498140677794236
TMSB4X,non-targeting,TIMP1,5.4510164,5.331544,0.0224086120724678,1.0224086046218872,0.0015859537864553,93405718.0,0.0232706090400206
TMSB4X,non-targeting,SLC38A5,7.8540382,7.666052,0.0245219282805919,1.0245219469070437,0.0038400273278167,93190050.0,0.0461007264853428
TMSB4X,non-targeting,EBP,6.242236,6.0874677,0.025424113497138,1.0254241228103638,0.0023167279996054,93315269.5,0.0312708892199796
TMSB4X,non-targeting,ARHGEF9,1.7460783,1.8175154,-0.0393048226833343,0.9606951475143432,0.0020866687140419,88380914.5,0.0289006973723592
TMSB4X,non-targeting,EDA,2.7495546,2.6541586,0.0359421037137508,1.0359420776367188,0.0007614301394543,93572317.5,0.012825281275699
TMSB4X,non-targeting,NAP1L3,1.8410693,1.7684772,0.0410478226840496,1.0410478115081787,0.0032295269141881,93228376.0,0.0403244797020184
TMSB4X,non-targeting,TSPAN6,16.304354,16.059473,0.0152483629062771,1.015248417854309,0.0007588276081933,93574179.0,0.0127957500057225
TMSB4X,non-targeting,ZBTB33,3.0616446,2.9541187,0.0363986119627952,1.0363986492156982,0.0006542356497214,93606628.0,0.0113278879017078
TMSB4X,non-targeting,FGF13,4.211579,4.0864162,0.030628940090537,1.0306289196014404,0.0024085049363854,93305653.5,0.0322513473928672
TMSB4X,non-targeting,SOX3,1.0897131,1.0342712,0.0536047555506229,1.0536047220230105,0.0025806173751825,93235752.5,0.0340566147031384
TMSB4X,non-targeting,FLNA,32.413666,33.90927,-0.0441060923039913,0.9558939337730408,3.5311322099455924e-26,82324374.5,1.0397861621468455e-23
